job_id,title,company_size,industry,city,province,work_type,experience_level,salary_cad,skills_required,degree_req,posted_date,source
CA-0001,Business Analyst,Mid (50-500),Financial Services,Calgary,Alberta,On-site,Mid Level (2-5 yrs),74000,SQL; Excel; Python; Tableau; R,Masters Preferred,2024-09-22,Indeed
CA-0002,Business Analyst,Mid (50-500),Technology,Calgary,Alberta,Hybrid,Mid Level (2-5 yrs),72000,SQL; Python; Power BI,Masters Preferred,2024-10-09,LinkedIn
CA-0003,Senior Data Analyst,Large (500+),Government,Vancouver,British Columbia,Hybrid,Mid Level (2-5 yrs),104000,SQL; Excel; Tableau; SQL Server; R; Git; Power Query,Bachelors Preferred,2025-02-05,Indeed
CA-0004,HR Data Analyst,Large (500+),Technology,Vancouver,British Columbia,Hybrid,Mid Level (2-5 yrs),66000,SQL; Excel; Tableau; Git; Snowflake,Bachelors Required,2024-02-06,Company Website
CA-0005,Senior Data Analyst,Large (500+),Energy,Toronto,Ontario,On-site,Entry Level (0-2 yrs),112000,SQL; Excel; Python; DAX; Power Query,Not Specified,2024-04-30,Indeed
CA-0006,Junior Data Analyst,Large (500+),Financial Services,Calgary,Alberta,Hybrid,Mid Level (2-5 yrs),64000,SQL; Excel; Python; Power BI; Tableau; SQL Server; Azure; Jira,Bachelors Preferred,2023-11-21,Indeed
CA-0007,Business Intelligence Analyst,Mid (50-500),Manufacturing,Toronto,Ontario,On-site,Mid Level (2-5 yrs),,SQL; Python; Tableau; SQL Server,Bachelors Required,2024-04-02,Indeed
CA-0008,Senior Data Analyst,Mid (50-500),Energy,Toronto,Ontario,On-site,Senior Level (5+ yrs),104000,SQL; Excel; Python; Power BI; Tableau; Jira; Git; Spark,Masters Preferred,2024-07-25,Glassdoor
CA-0009,Business Intelligence Analyst,Small (<50),Government,Toronto,Ontario,Hybrid,Senior Level (5+ yrs),89000,SQL; Python; SQL Server; DAX,Bachelors Preferred,2024-02-15,Job Bank
CA-0010,Junior Data Analyst,Large (500+),Financial Services,Calgary,Alberta,Hybrid,Mid Level (2-5 yrs),66000,Excel; Python; Power BI; Jira,Not Specified,2025-03-17,LinkedIn
CA-0011,Business Intelligence Analyst,Mid (50-500),Technology,Waterloo,Ontario,Hybrid,Mid Level (2-5 yrs),,SQL; Excel; Tableau; Azure; DAX; Power Query,Bachelors Preferred,2024-05-29,LinkedIn
CA-0012,Data Analyst,Mid (50-500),Financial Services,Toronto,Ontario,Hybrid,Senior Level (5+ yrs),77000,SQL; Excel; Python; SQL Server; Azure; Jira,Bachelors Preferred,2023-11-02,Job Bank
CA-0013,Business Intelligence Analyst,Small (<50),Energy,Vancouver,British Columbia,Remote,Mid Level (2-5 yrs),88000,SQL; Python; Power BI; Tableau; Azure; R; Jira; DAX,Not Specified,2024-05-26,Indeed
CA-0014,Senior Data Analyst,Large (500+),Government,Montreal,Quebec,Hybrid,Mid Level (2-5 yrs),105000,SQL; Excel; Power BI; Tableau; SQL Server; Git; Power Query,Bachelors Required,2024-03-12,LinkedIn
CA-0015,Data Analyst,Mid (50-500),Technology,Calgary,Alberta,Hybrid,Entry Level (0-2 yrs),,SQL; Excel; Python; Tableau; DAX,Bachelors Preferred,2024-05-14,Company Website
CA-0016,Operations Analyst,Large (500+),Telecommunications,Waterloo,Ontario,Remote,Senior Level (5+ yrs),68000,SQL; Power BI,Bachelors Required,2025-03-21,Glassdoor
CA-0017,Financial Data Analyst,Small (<50),Technology,Montreal,Quebec,Hybrid,Entry Level (0-2 yrs),67000,SQL; Excel; Power BI; Tableau; Spark; DAX,Bachelors Preferred,2024-12-17,Indeed
CA-0018,Business Analyst,Mid (50-500),Retail & E-Commerce,Edmonton,Alberta,Hybrid,Senior Level (5+ yrs),72000,SQL; Excel; Python; Power BI; Tableau; Jira; Git,Masters Preferred,2023-12-20,Job Bank
CA-0019,Junior Data Analyst,Large (500+),Financial Services,Vancouver,British Columbia,Hybrid,Senior Level (5+ yrs),63000,SQL; Excel; Tableau; Power Query,Bachelors Required,2024-10-04,LinkedIn
CA-0020,Senior Data Analyst,Mid (50-500),Technology,Calgary,Alberta,Hybrid,Mid Level (2-5 yrs),112000,SQL; Excel; Jira; Git,Bachelors Required,2024-03-15,Job Bank
CA-0021,Data Analyst,Large (500+),Technology,Mississauga,Ontario,Remote,Mid Level (2-5 yrs),82000,SQL; Excel; Power BI; Tableau; Looker,Not Specified,2024-03-05,LinkedIn
CA-0022,Senior Data Analyst,Small (<50),Technology,Calgary,Alberta,Remote,Mid Level (2-5 yrs),118000,SQL; Excel; Tableau; Snowflake,Bachelors Required,2024-04-26,Glassdoor
CA-0023,Data Analyst,Small (<50),Technology,Waterloo,Ontario,Hybrid,Entry Level (0-2 yrs),71000,SQL; Excel; Power BI; R; Jira; Git; Power Query; Databricks,Not Specified,2024-12-31,LinkedIn
CA-0024,Junior Data Analyst,Large (500+),Manufacturing,Vancouver,British Columbia,Hybrid,Mid Level (2-5 yrs),62000,SQL; Excel; Power BI; Tableau; SQL Server,Bachelors Preferred,2024-12-05,Glassdoor
CA-0025,Senior Data Analyst,Mid (50-500),Financial Services,Toronto,Ontario,Remote,Mid Level (2-5 yrs),123000,SQL; Excel; Python; Power BI; Spark; Databricks,Not Specified,2024-06-27,Job Bank
CA-0026,Data Analyst II,Small (<50),Consulting,Victoria,British Columbia,Remote,Mid Level (2-5 yrs),84000,SQL; Excel; Python; Power BI; Tableau; SQL Server; Looker; DAX,Bachelors Required,2024-10-15,Indeed
CA-0027,Data Analyst,Mid (50-500),Financial Services,Vancouver,British Columbia,Hybrid,Senior Level (5+ yrs),70000,SQL; Excel; Python; Azure; R; Git; Snowflake,Masters Preferred,2024-01-29,LinkedIn
CA-0028,Business Intelligence Analyst,Large (500+),Technology,Montreal,Quebec,Hybrid,Entry Level (0-2 yrs),70000,SQL; Excel; Tableau; Git; DAX,Bachelors Preferred,2024-03-02,LinkedIn
CA-0029,Data Analyst,Small (<50),Energy,Toronto,Ontario,Hybrid,Entry Level (0-2 yrs),85000,SQL; Excel; Tableau; SQL Server; Spark; Power Query,Bachelors Preferred,2024-05-14,Indeed
CA-0030,Business Analyst,Mid (50-500),Technology,Ottawa,Ontario,Hybrid,Senior Level (5+ yrs),64000,SQL; Excel; Python; Power BI; Tableau; Azure; R; Looker; Power Query,Bachelors Preferred,2023-12-15,LinkedIn
CA-0031,Business Intelligence Analyst,Large (500+),Healthcare,Montreal,Quebec,Remote,Mid Level (2-5 yrs),89000,SQL; Python; Power BI; SQL Server,Bachelors Required,2024-01-03,LinkedIn
CA-0032,Senior Data Analyst,Small (<50),Financial Services,Montreal,Quebec,On-site,Mid Level (2-5 yrs),,SQL; Excel; Power BI; Tableau,Masters Preferred,2024-01-07,Indeed
CA-0033,Data Analyst,Small (<50),Consulting,Edmonton,Alberta,Hybrid,Entry Level (0-2 yrs),71000,SQL; Excel; Tableau; Azure; DAX,Bachelors Preferred,2024-02-19,Indeed
CA-0034,Data Analyst,Mid (50-500),Financial Services,Mississauga,Ontario,Hybrid,Senior Level (5+ yrs),84000,SQL; Excel; Python; Tableau; SQL Server,Bachelors Required,2024-01-05,LinkedIn
CA-0035,Business Intelligence Analyst,Large (500+),Energy,Edmonton,Alberta,Remote,Mid Level (2-5 yrs),87000,Excel; Power BI; SQL Server; DAX; Power Query,Not Specified,2024-04-07,Job Bank
CA-0036,Data Analyst,Large (500+),Telecommunications,Halifax,Nova Scotia,Hybrid,Senior Level (5+ yrs),61000,SQL; Excel; Python; Power BI; R; Looker; Power Query; Databricks,Bachelors Required,2024-07-13,LinkedIn
CA-0037,Senior Data Analyst,Mid (50-500),Retail & E-Commerce,Vancouver,British Columbia,Remote,Entry Level (0-2 yrs),109000,SQL; Excel; Python; Tableau; DAX,Not Specified,2024-08-21,Indeed
CA-0038,Senior Data Analyst,Large (500+),Technology,Toronto,Ontario,Hybrid,Entry Level (0-2 yrs),109000,SQL; Excel; Python; Power BI; Jira; Git; Spark; Power Query,Bachelors Preferred,2025-01-31,LinkedIn
CA-0039,Business Intelligence Analyst,Large (500+),Technology,Toronto,Ontario,On-site,Mid Level (2-5 yrs),81000,SQL; Excel; Python; Tableau; SQL Server,Bachelors Preferred,2023-11-10,Company Website
CA-0040,Financial Data Analyst,Mid (50-500),Government,Toronto,Ontario,On-site,Mid Level (2-5 yrs),87000,SQL; Python; SQL Server; Spark,Bachelors Required,2024-06-27,Glassdoor
CA-0041,Data Analyst,Small (<50),Consulting,Toronto,Ontario,Hybrid,Mid Level (2-5 yrs),84000,SQL; Power BI; SQL Server; DAX,Bachelors Required,2023-11-21,Indeed
CA-0042,Business Intelligence Analyst,Large (500+),Retail & E-Commerce,Toronto,Ontario,Hybrid,Mid Level (2-5 yrs),88000,SQL; Excel; Tableau; Jira; Spark; Looker; Databricks,Bachelors Preferred,2024-03-21,LinkedIn
CA-0043,Senior Data Analyst,Mid (50-500),Telecommunications,Toronto,Ontario,Hybrid,Entry Level (0-2 yrs),109000,SQL; Excel; Tableau; Azure,Bachelors Required,2025-01-01,LinkedIn
CA-0044,Data Analyst,Small (<50),Technology,Toronto,Ontario,Hybrid,Senior Level (5+ yrs),84000,SQL; Excel; Python; Git; Looker; Power Query,Bachelors Preferred,2025-03-29,LinkedIn
CA-0045,Senior Data Analyst,Large (500+),Government,Vancouver,British Columbia,On-site,Senior Level (5+ yrs),108000,SQL; Excel; Python; Power BI; SQL Server; Azure; R; Looker,Bachelors Preferred,2024-03-03,Indeed
CA-0046,Data Analyst,Mid (50-500),Technology,Calgary,Alberta,Hybrid,Mid Level (2-5 yrs),83000,SQL; Jira; DAX; Power Query; Snowflake,Bachelors Required,2023-11-18,Company Website
CA-0047,Data Analyst,Large (500+),Manufacturing,Halifax,Nova Scotia,Remote,Mid Level (2-5 yrs),64000,SQL; Excel; Python; Power BI; Tableau,Bachelors Required,2023-11-28,Indeed
CA-0048,Data Analyst,Large (500+),Manufacturing,Ottawa,Ontario,Hybrid,Senior Level (5+ yrs),72000,SQL; Excel; Python; Power BI; SQL Server; R; Power Query,Bachelors Preferred,2024-03-31,Job Bank
CA-0049,Business Intelligence Analyst,Small (<50),Retail & E-Commerce,Toronto,Ontario,Hybrid,Mid Level (2-5 yrs),81000,SQL; Python; Tableau; SQL Server; Jira; Git; Power Query,Masters Preferred,2024-11-22,Job Bank
CA-0050,Business Analyst,Mid (50-500),Technology,Vancouver,British Columbia,Hybrid,Entry Level (0-2 yrs),84000,SQL; Excel; Python; Tableau; SQL Server; Git; Power Query,Bachelors Preferred,2024-01-30,Indeed
CA-0051,Data Analyst,Small (<50),Telecommunications,Halifax,Nova Scotia,Hybrid,Mid Level (2-5 yrs),69000,SQL; Excel; Python; Azure,Masters Preferred,2023-11-02,Glassdoor
CA-0052,Data Analyst,Small (<50),Healthcare,Vancouver,British Columbia,Remote,Senior Level (5+ yrs),81000,SQL; Excel; Python; Power BI; Tableau; Azure; Jira,Bachelors Required,2024-03-12,Indeed
CA-0053,Business Analyst,Mid (50-500),Financial Services,Ottawa,Ontario,On-site,Senior Level (5+ yrs),77000,SQL; Excel; Python; Git; Power Query,Not Specified,2025-01-07,LinkedIn
CA-0054,Data Analyst,Mid (50-500),Retail & E-Commerce,Ottawa,Ontario,Remote,Senior Level (5+ yrs),85000,SQL; Excel; Python; Power BI,Bachelors Preferred,2024-02-04,LinkedIn
CA-0055,Senior Data Analyst,Mid (50-500),Financial Services,Toronto,Ontario,Hybrid,Senior Level (5+ yrs),,SQL; Excel; Tableau; DAX; Databricks,Bachelors Preferred,2024-04-09,LinkedIn
CA-0056,Senior Data Analyst,Large (500+),Manufacturing,Vancouver,British Columbia,Remote,Senior Level (5+ yrs),,SQL; Excel; Python; Power BI; DAX,Bachelors Required,2024-12-27,Glassdoor
CA-0057,Operations Analyst,Large (500+),Financial Services,Edmonton,Alberta,Remote,Mid Level (2-5 yrs),79000,SQL; Excel; Python; Power BI; Jira; Spark,Bachelors Preferred,2024-05-18,Glassdoor
CA-0058,Junior Data Analyst,Large (500+),Government,Montreal,Quebec,Remote,Entry Level (0-2 yrs),58000,SQL; Excel; SQL Server; Azure,Masters Preferred,2025-01-07,LinkedIn
CA-0059,Data Analyst,Large (500+),Financial Services,Ottawa,Ontario,Hybrid,Senior Level (5+ yrs),,SQL; Excel; SQL Server; Azure; R; Git; Spark,Masters Preferred,2024-05-25,LinkedIn
CA-0060,Data Analyst,Large (500+),Healthcare,Toronto,Ontario,Hybrid,Senior Level (5+ yrs),75000,SQL; Python; Power BI; Tableau; SQL Server; Azure; R,Bachelors Required,2024-02-29,Indeed
CA-0061,Business Intelligence Analyst,Mid (50-500),Technology,Waterloo,Ontario,Remote,Entry Level (0-2 yrs),,SQL; Excel; Jira; Looker,Bachelors Preferred,2024-04-24,Company Website
CA-0062,Junior Data Analyst,Mid (50-500),Government,Vancouver,British Columbia,Hybrid,Mid Level (2-5 yrs),64000,SQL; Excel; Python; Tableau,Bachelors Preferred,2024-05-01,LinkedIn
CA-0063,Data Analyst,Large (500+),Telecommunications,Toronto,Ontario,Hybrid,Senior Level (5+ yrs),78000,SQL; Excel; Python; Power BI; SQL Server,Bachelors Required,2024-06-01,Glassdoor
CA-0064,Data Analyst,Small (<50),Consulting,Toronto,Ontario,Hybrid,Senior Level (5+ yrs),86000,SQL; Excel; Power BI; SQL Server; Power Query,Not Specified,2024-10-12,Company Website
CA-0065,Senior Data Analyst,Large (500+),Healthcare,Ottawa,Ontario,On-site,Mid Level (2-5 yrs),,SQL; Excel; Python; Power BI,Masters Preferred,2025-02-16,Job Bank
CA-0066,Data Analyst,Large (500+),Financial Services,Edmonton,Alberta,Hybrid,Senior Level (5+ yrs),71000,Excel; Power BI; Azure; Looker; DAX,Bachelors Required,2024-09-13,Glassdoor
CA-0067,Data Analyst,Mid (50-500),Government,Calgary,Alberta,Hybrid,Mid Level (2-5 yrs),80000,SQL; Python; Git,Masters Preferred,2024-05-09,LinkedIn
CA-0068,Data Analyst,Mid (50-500),Technology,Montreal,Quebec,Remote,Mid Level (2-5 yrs),65000,SQL; Excel; Python; Tableau; SQL Server; Snowflake,Bachelors Preferred,2024-12-13,LinkedIn
CA-0069,Business Intelligence Analyst,Large (500+),Retail & E-Commerce,Toronto,Ontario,Remote,Senior Level (5+ yrs),102000,SQL; Excel; Tableau; SQL Server,Not Specified,2024-09-26,Company Website
CA-0070,Operations Analyst,Small (<50),Government,Waterloo,Ontario,Hybrid,Mid Level (2-5 yrs),72000,SQL; Excel; Power BI; Jira; Git; Spark,Bachelors Preferred,2024-05-21,Glassdoor
CA-0071,Operations Analyst,Small (<50),Financial Services,Toronto,Ontario,Hybrid,Entry Level (0-2 yrs),,Excel; Azure; Looker; DAX,Not Specified,2024-06-26,LinkedIn
CA-0072,Junior Data Analyst,Mid (50-500),Consulting,Edmonton,Alberta,Hybrid,Senior Level (5+ yrs),59000,Excel; Python; Power BI; Tableau; SQL Server; Jira; Power Query,Bachelors Required,2023-11-13,Company Website
CA-0073,Financial Data Analyst,Mid (50-500),Energy,Toronto,Ontario,Hybrid,Entry Level (0-2 yrs),88000,SQL; Excel; Power BI; Tableau; SQL Server,Not Specified,2025-03-13,Indeed
CA-0074,Business Intelligence Analyst,Mid (50-500),Energy,Montreal,Quebec,Remote,Senior Level (5+ yrs),,Excel; Python; SQL Server; Git; Power Query,Bachelors Preferred,2024-05-15,LinkedIn
CA-0075,Business Intelligence Analyst,Mid (50-500),Retail & E-Commerce,Vancouver,British Columbia,Hybrid,Entry Level (0-2 yrs),98000,SQL; Python; Tableau; Jira; Git; Spark,Bachelors Required,2024-09-08,Job Bank
CA-0076,Data Analyst,Large (500+),Government,Montreal,Quebec,On-site,Mid Level (2-5 yrs),,Excel; Python; SQL Server; Jira; Git; Snowflake,Not Specified,2024-01-23,LinkedIn
CA-0077,HR Data Analyst,Mid (50-500),Retail & E-Commerce,Vancouver,British Columbia,Remote,Mid Level (2-5 yrs),75000,SQL; Excel; Python; Power BI; Spark; Looker,Bachelors Required,2024-11-18,Glassdoor
CA-0078,Business Intelligence Analyst,Small (<50),Telecommunications,Toronto,Ontario,Hybrid,Mid Level (2-5 yrs),85000,SQL; Excel; Tableau; SQL Server; Git; Snowflake,Bachelors Preferred,2024-01-24,Indeed
CA-0079,Business Analyst,Large (500+),Technology,Montreal,Quebec,Hybrid,Senior Level (5+ yrs),,SQL; Excel; Python; Power BI,Bachelors Required,2023-11-12,LinkedIn
CA-0080,Junior Data Analyst,Large (500+),Manufacturing,Toronto,Ontario,Hybrid,Senior Level (5+ yrs),67000,SQL; Python; Power BI; Tableau,Bachelors Required,2024-06-26,LinkedIn
CA-0081,Senior Data Analyst,Mid (50-500),Technology,Vancouver,British Columbia,Hybrid,Senior Level (5+ yrs),,SQL; Excel; Python; Power BI; SQL Server; Power Query,Not Specified,2023-11-17,Company Website
CA-0082,Business Intelligence Analyst,Mid (50-500),Retail & E-Commerce,Waterloo,Ontario,Remote,Senior Level (5+ yrs),82000,SQL; Excel; Python; Power Query,Bachelors Required,2024-11-02,LinkedIn
CA-0083,Operations Analyst,Mid (50-500),Manufacturing,Toronto,Ontario,Hybrid,Mid Level (2-5 yrs),77000,SQL; Excel; Python; Git; Power Query,Bachelors Required,2024-02-06,Company Website
CA-0084,Business Intelligence Analyst,Mid (50-500),Energy,Vancouver,British Columbia,Remote,Entry Level (0-2 yrs),,SQL; Excel; Power BI; Tableau; Azure; DAX,Masters Preferred,2024-12-17,Indeed
CA-0085,Data Analyst,Small (<50),Energy,Winnipeg,Manitoba,Hybrid,Senior Level (5+ yrs),72000,SQL; Excel; Power BI; R,Bachelors Required,2024-06-16,Glassdoor
CA-0086,Data Analyst,Small (<50),Financial Services,Mississauga,Ontario,Hybrid,Mid Level (2-5 yrs),,SQL; Excel; Power BI; SQL Server; R,Bachelors Required,2025-02-27,Indeed
CA-0087,Data Analyst,Small (<50),Consulting,Calgary,Alberta,Hybrid,Senior Level (5+ yrs),68000,SQL; Excel; Python; Power BI; Tableau; R,Bachelors Required,2024-03-01,Indeed
CA-0088,Business Intelligence Analyst,Small (<50),Healthcare,Toronto,Ontario,Hybrid,Mid Level (2-5 yrs),,Excel; Python; Tableau; Azure; Jira; Spark,Masters Preferred,2025-02-26,LinkedIn
CA-0089,Business Intelligence Analyst,Small (<50),Financial Services,Winnipeg,Manitoba,Hybrid,Mid Level (2-5 yrs),87000,SQL; Excel; Python; SQL Server; Git,Masters Preferred,2024-11-20,Indeed
CA-0090,Financial Data Analyst,Small (<50),Technology,Mississauga,Ontario,Hybrid,Mid Level (2-5 yrs),72000,SQL; Python; Power BI; Tableau; SQL Server; Jira; Power Query,Not Specified,2024-02-19,Indeed
CA-0091,Financial Data Analyst,Large (500+),Retail & E-Commerce,Halifax,Nova Scotia,Remote,Mid Level (2-5 yrs),82000,SQL; Power BI; Tableau; Jira; Power Query,Not Specified,2023-12-15,Job Bank
CA-0092,HR Data Analyst,Small (<50),Consulting,Vancouver,British Columbia,Remote,Entry Level (0-2 yrs),65000,SQL; Python; Power BI; Tableau,Bachelors Required,2024-10-06,Glassdoor
CA-0093,Business Intelligence Analyst,Large (500+),Technology,Calgary,Alberta,Hybrid,Mid Level (2-5 yrs),98000,SQL; Excel; Power BI; Azure; Power Query,Not Specified,2023-11-20,Job Bank
CA-0094,Data Analyst,Large (500+),Financial Services,Waterloo,Ontario,Hybrid,Mid Level (2-5 yrs),68000,SQL; Excel; Power BI; SQL Server,Masters Preferred,2024-04-07,LinkedIn
CA-0095,Business Intelligence Analyst,Mid (50-500),Telecommunications,Mississauga,Ontario,Remote,Mid Level (2-5 yrs),83000,SQL; Excel; Python; Azure,Bachelors Required,2024-01-01,Glassdoor
CA-0096,Data Analyst,Small (<50),Financial Services,Toronto,Ontario,Remote,Mid Level (2-5 yrs),88000,Excel; Tableau; Git,Bachelors Required,2024-03-02,Glassdoor
CA-0097,Financial Data Analyst,Mid (50-500),Retail & E-Commerce,Montreal,Quebec,Hybrid,Senior Level (5+ yrs),81000,SQL; Excel; SQL Server; Azure; Jira; Power Query,Not Specified,2024-03-11,LinkedIn
CA-0098,Data Analyst,Large (500+),Technology,Mississauga,Ontario,Hybrid,Senior Level (5+ yrs),80000,SQL; Excel; Power BI; SQL Server; R,Bachelors Required,2024-04-07,Indeed
CA-0099,Business Intelligence Analyst,Mid (50-500),Technology,Mississauga,Ontario,Remote,Senior Level (5+ yrs),79000,SQL; Excel; Python; Power BI; Tableau; SQL Server; Azure,Bachelors Required,2023-10-21,Glassdoor
CA-0100,Data Analyst,Large (500+),Technology,Saskatoon,Saskatchewan,Remote,Mid Level (2-5 yrs),73000,SQL; Excel; Python; Power BI; Git,Bachelors Preferred,2024-07-11,Job Bank
CA-0101,Data Analyst,Small (<50),Government,Vancouver,British Columbia,Remote,Senior Level (5+ yrs),69000,SQL; Excel; Python; Tableau; SQL Server; Azure,Bachelors Preferred,2024-08-11,LinkedIn
CA-0102,Business Analyst,Mid (50-500),Technology,Halifax,Nova Scotia,Hybrid,Entry Level (0-2 yrs),71000,SQL; Excel; Power BI; Git; DAX,Bachelors Preferred,2025-02-05,Company Website
CA-0103,Junior Data Analyst,Mid (50-500),Telecommunications,Calgary,Alberta,Hybrid,Mid Level (2-5 yrs),73000,SQL; Excel; SQL Server; Git; Spark,Bachelors Preferred,2024-11-15,LinkedIn
CA-0104,Business Analyst,Mid (50-500),Financial Services,Toronto,Ontario,Hybrid,Senior Level (5+ yrs),72000,SQL; Excel; SQL Server; Jira,Bachelors Preferred,2024-08-07,Indeed
CA-0105,Data Analyst,Large (500+),Technology,Montreal,Quebec,Remote,Entry Level (0-2 yrs),71000,SQL; Excel; Python; Power BI; SQL Server,Bachelors Preferred,2025-01-27,Glassdoor
CA-0106,Data Analyst,Large (500+),Technology,Toronto,Ontario,On-site,Mid Level (2-5 yrs),82000,SQL; Python; Power BI; Tableau; Spark; DAX; Databricks,Bachelors Required,2024-10-30,LinkedIn
CA-0107,Senior Data Analyst,Small (<50),Technology,Mississauga,Ontario,Hybrid,Senior Level (5+ yrs),118000,Excel; Tableau; SQL Server; Azure; Power Query,Bachelors Required,2025-01-26,Company Website
CA-0108,Business Analyst,Small (<50),Technology,Ottawa,Ontario,Remote,Entry Level (0-2 yrs),77000,SQL; Tableau; SQL Server; Power Query,Bachelors Preferred,2024-09-19,LinkedIn
CA-0109,Data Analyst,Small (<50),Financial Services,Edmonton,Alberta,Hybrid,Entry Level (0-2 yrs),65000,SQL; Python; Power BI; Azure; R; Jira; Git; Power Query,Bachelors Required,2025-02-14,Glassdoor
CA-0110,Senior Data Analyst,Small (<50),Energy,Vancouver,British Columbia,Hybrid,Entry Level (0-2 yrs),99000,SQL; Excel; Azure; Jira; Git,Bachelors Required,2024-07-24,Indeed
CA-0111,Junior Data Analyst,Small (<50),Technology,Toronto,Ontario,Hybrid,Mid Level (2-5 yrs),68000,Excel; Power Query,Bachelors Preferred,2024-08-11,Indeed
CA-0112,Data Analyst II,Large (500+),Manufacturing,Edmonton,Alberta,On-site,Entry Level (0-2 yrs),87000,SQL; Excel; Azure; R; DAX; Power Query,Masters Preferred,2024-04-14,Indeed
CA-0113,Business Analyst,Small (<50),Technology,Montreal,Quebec,Hybrid,Senior Level (5+ yrs),61000,SQL; Excel; Power BI; Tableau; Git,Bachelors Preferred,2024-05-13,Glassdoor
CA-0114,Business Intelligence Analyst,Mid (50-500),Consulting,Vancouver,British Columbia,Hybrid,Mid Level (2-5 yrs),92000,SQL; Python; Power BI; SQL Server; DAX; Power Query; Databricks,Bachelors Required,2023-11-12,Company Website
CA-0115,Financial Data Analyst,Large (500+),Retail & E-Commerce,Mississauga,Ontario,On-site,Mid Level (2-5 yrs),,SQL; Excel; Power BI; Tableau; Power Query,Bachelors Required,2024-11-25,LinkedIn
CA-0116,Data Analyst,Large (500+),Financial Services,Edmonton,Alberta,On-site,Mid Level (2-5 yrs),70000,SQL; Python; Tableau; SQL Server; Jira,Bachelors Preferred,2023-12-24,Indeed
CA-0117,Business Analyst,Small (<50),Government,Toronto,Ontario,Hybrid,Senior Level (5+ yrs),81000,SQL; Excel; Python; Power BI; DAX,Masters Preferred,2023-10-15,LinkedIn
CA-0118,Data Analyst,Small (<50),Retail & E-Commerce,Winnipeg,Manitoba,Hybrid,Mid Level (2-5 yrs),62000,SQL; Excel; Power BI; Tableau; SQL Server; Jira; Spark,Bachelors Preferred,2023-12-10,LinkedIn
CA-0119,Senior Data Analyst,Mid (50-500),Telecommunications,Regina,Saskatchewan,Remote,Mid Level (2-5 yrs),93000,SQL; Excel; Tableau; R; Jira; Git; Looker; Power Query; Databricks,Bachelors Required,2024-08-13,Indeed
CA-0120,Junior Data Analyst,Mid (50-500),Government,Regina,Saskatchewan,Hybrid,Senior Level (5+ yrs),,SQL; Excel; Python; Power BI; Tableau,Not Specified,2023-12-15,Glassdoor
CA-0121,Senior Data Analyst,Mid (50-500),Technology,Toronto,Ontario,Hybrid,Mid Level (2-5 yrs),113000,SQL; Excel; Python; Power BI; Tableau; Azure; R; Databricks,Bachelors Required,2024-09-09,LinkedIn
CA-0122,Data Analyst,Mid (50-500),Technology,Toronto,Ontario,Hybrid,Entry Level (0-2 yrs),70000,SQL; Python; Power BI; DAX; Power Query,Bachelors Required,2024-03-20,LinkedIn
CA-0123,Marketing Data Analyst,Large (500+),Technology,Calgary,Alberta,Hybrid,Entry Level (0-2 yrs),65000,SQL; Excel; Python; Power BI; Azure; Power Query,Not Specified,2024-05-14,LinkedIn
CA-0124,Data Analyst,Mid (50-500),Technology,Victoria,British Columbia,Hybrid,Entry Level (0-2 yrs),67000,SQL; Excel; Python; Power BI; SQL Server; Azure; Jira,Bachelors Required,2025-02-21,Glassdoor
CA-0125,Data Analyst,Mid (50-500),Technology,Vancouver,British Columbia,On-site,Mid Level (2-5 yrs),75000,SQL; Excel; DAX; Power Query,Bachelors Required,2025-03-20,Glassdoor
CA-0126,Junior Data Analyst,Mid (50-500),Manufacturing,Montreal,Quebec,Remote,Mid Level (2-5 yrs),65000,SQL; Excel; Snowflake,Masters Preferred,2024-10-27,LinkedIn
CA-0127,Data Analyst,Mid (50-500),Financial Services,Halifax,Nova Scotia,Hybrid,Senior Level (5+ yrs),,SQL; Excel; Python; Power BI; DAX; Power Query,Bachelors Required,2024-01-31,Indeed
CA-0128,Business Analyst,Mid (50-500),Financial Services,Winnipeg,Manitoba,Remote,Mid Level (2-5 yrs),72000,Python; SQL Server; DAX,Bachelors Required,2024-09-29,LinkedIn
CA-0129,Junior Data Analyst,Large (500+),Financial Services,Waterloo,Ontario,Remote,Mid Level (2-5 yrs),68000,SQL; Python; Power BI; Git,Not Specified,2024-04-18,Indeed
CA-0130,Data Analyst,Large (500+),Telecommunications,Vancouver,British Columbia,Hybrid,Mid Level (2-5 yrs),,SQL; Excel; Power BI; SQL Server,Masters Preferred,2025-01-07,Indeed
CA-0131,Junior Data Analyst,Large (500+),Financial Services,Waterloo,Ontario,Remote,Entry Level (0-2 yrs),,SQL; Excel; Python; Power BI; SQL Server; DAX,Bachelors Required,2025-01-20,Glassdoor
CA-0132,Data Analyst,Small (<50),Retail & E-Commerce,Toronto,Ontario,Hybrid,Entry Level (0-2 yrs),,SQL; Excel; Tableau; SQL Server; R,Not Specified,2024-02-18,LinkedIn
CA-0133,Senior Data Analyst,Small (<50),Government,Mississauga,Ontario,Remote,Mid Level (2-5 yrs),116000,SQL; Excel; Python; Power BI,Not Specified,2024-05-20,LinkedIn
CA-0134,Data Analyst,Small (<50),Technology,Vancouver,British Columbia,Remote,Entry Level (0-2 yrs),,SQL; Excel; Power BI; Tableau,Not Specified,2024-04-07,Indeed
CA-0135,Financial Data Analyst,Large (500+),Technology,Toronto,Ontario,Hybrid,Mid Level (2-5 yrs),96000,SQL; Python; Power BI; Git,Not Specified,2024-01-15,Indeed
CA-0136,Marketing Data Analyst,Large (500+),Technology,Edmonton,Alberta,Hybrid,Mid Level (2-5 yrs),,SQL; Excel; Python; Tableau; SQL Server; DAX,Not Specified,2024-06-09,Glassdoor
CA-0137,Data Analyst,Large (500+),Financial Services,Toronto,Ontario,Hybrid,Senior Level (5+ yrs),81000,SQL; Python; Tableau; SQL Server; R; Jira; Git,Bachelors Preferred,2023-11-26,Indeed
CA-0138,Operations Analyst,Mid (50-500),Retail & E-Commerce,Saskatoon,Saskatchewan,Remote,Entry Level (0-2 yrs),70000,SQL; Excel; Python; Tableau; SQL Server; R,Not Specified,2025-03-27,Indeed
CA-0139,Data Analyst,Large (500+),Healthcare,Edmonton,Alberta,Hybrid,Mid Level (2-5 yrs),,SQL; Python; Tableau; SQL Server; Azure,Bachelors Preferred,2025-03-02,LinkedIn
CA-0140,Business Intelligence Analyst,Mid (50-500),Technology,Montreal,Quebec,Remote,Mid Level (2-5 yrs),79000,SQL; Excel; Python; Power BI; Tableau,Not Specified,2024-03-02,Company Website
CA-0141,Financial Data Analyst,Mid (50-500),Telecommunications,Toronto,Ontario,Hybrid,Senior Level (5+ yrs),95000,SQL; Excel; Python; Power BI; Tableau; Azure,Bachelors Required,2024-06-13,Indeed
CA-0142,Data Analyst,Small (<50),Financial Services,Waterloo,Ontario,On-site,Entry Level (0-2 yrs),65000,SQL; Excel; Python; SQL Server; Jira; Looker,Bachelors Required,2024-04-18,LinkedIn
CA-0143,Business Analyst,Small (<50),Technology,Winnipeg,Manitoba,Hybrid,Mid Level (2-5 yrs),,Excel; SQL Server; R,Masters Preferred,2023-10-13,Indeed
CA-0144,Data Analyst,Small (<50),Healthcare,Edmonton,Alberta,Hybrid,Senior Level (5+ yrs),69000,SQL; Excel; Python; Tableau,Bachelors Preferred,2024-12-13,Glassdoor
CA-0145,Data Analyst,Large (500+),Consulting,Toronto,Ontario,On-site,Mid Level (2-5 yrs),,SQL; Excel; Python; SQL Server; Jira; Snowflake,Bachelors Required,2024-09-01,LinkedIn
CA-0146,Senior Data Analyst,Large (500+),Retail & E-Commerce,Toronto,Ontario,Hybrid,Entry Level (0-2 yrs),98000,Excel; Python; Power BI; Azure,Not Specified,2025-02-01,Company Website
CA-0147,Data Analyst,Mid (50-500),Consulting,Edmonton,Alberta,Hybrid,Senior Level (5+ yrs),66000,SQL; Excel; Python; Power BI,Bachelors Preferred,2024-10-19,Glassdoor
CA-0148,Data Analyst,Mid (50-500),Healthcare,Vancouver,British Columbia,Remote,Mid Level (2-5 yrs),79000,Excel; Power Query,Bachelors Preferred,2023-11-06,LinkedIn
CA-0149,Business Intelligence Analyst,Large (500+),Telecommunications,Ottawa,Ontario,Hybrid,Senior Level (5+ yrs),,SQL; Excel; Python; Power BI; SQL Server; Power Query,Not Specified,2024-06-24,Job Bank
CA-0150,Junior Data Analyst,Large (500+),Consulting,Vancouver,British Columbia,Hybrid,Mid Level (2-5 yrs),74000,SQL; Excel; Python; Tableau; Azure; R; Git; Spark; Looker,Bachelors Required,2023-12-07,LinkedIn
CA-0151,Data Analyst,Small (<50),Retail & E-Commerce,Toronto,Ontario,Remote,Senior Level (5+ yrs),87000,SQL; Power BI,Masters Preferred,2024-01-05,Glassdoor
CA-0152,Marketing Data Analyst,Small (<50),Manufacturing,Toronto,Ontario,On-site,Mid Level (2-5 yrs),78000,SQL; Excel; Python; Tableau; SQL Server,Bachelors Required,2024-05-29,LinkedIn
CA-0153,Data Analyst,Small (<50),Healthcare,Toronto,Ontario,On-site,Mid Level (2-5 yrs),84000,SQL; Excel; Tableau; R,Masters Preferred,2024-01-15,LinkedIn
CA-0154,Operations Analyst,Mid (50-500),Healthcare,Toronto,Ontario,Remote,Mid Level (2-5 yrs),81000,SQL; Tableau; SQL Server; Looker; DAX; Power Query,Bachelors Preferred,2024-06-17,LinkedIn
CA-0155,Data Analyst,Mid (50-500),Consulting,Waterloo,Ontario,Remote,Senior Level (5+ yrs),80000,SQL; Excel; Python; Power BI; Jira,Bachelors Preferred,2024-12-13,LinkedIn
CA-0156,Financial Data Analyst,Mid (50-500),Technology,Edmonton,Alberta,Hybrid,Senior Level (5+ yrs),78000,SQL; Excel; Python; Power BI; SQL Server; Jira; Power Query,Bachelors Required,2024-10-10,Indeed
CA-0157,Financial Data Analyst,Large (500+),Telecommunications,Edmonton,Alberta,Remote,Senior Level (5+ yrs),72000,SQL; Excel; Python; Tableau; Azure,Bachelors Required,2024-10-19,Job Bank
CA-0158,Business Analyst,Large (500+),Financial Services,Ottawa,Ontario,Hybrid,Mid Level (2-5 yrs),71000,SQL; Excel; Python; Power BI; Tableau,Not Specified,2023-11-02,Job Bank
CA-0159,Data Analyst,Mid (50-500),Consulting,Ottawa,Ontario,Hybrid,Entry Level (0-2 yrs),67000,SQL; Excel; Git; Power Query,Bachelors Preferred,2024-01-11,Company Website
CA-0160,Business Intelligence Analyst,Large (500+),Technology,Vancouver,British Columbia,Hybrid,Senior Level (5+ yrs),,SQL; Excel; Power BI; R; Power Query,Bachelors Preferred,2024-01-15,Indeed
CA-0161,Business Intelligence Analyst,Large (500+),Retail & E-Commerce,Vancouver,British Columbia,On-site,Senior Level (5+ yrs),99000,SQL; Excel; Power BI; Jira; Power Query,Bachelors Required,2024-12-08,LinkedIn
CA-0162,Data Analyst,Small (<50),Technology,Montreal,Quebec,Hybrid,Mid Level (2-5 yrs),,SQL; Excel; Python; Power BI,Bachelors Required,2024-11-13,LinkedIn
CA-0163,Business Analyst,Mid (50-500),Technology,Toronto,Ontario,On-site,Senior Level (5+ yrs),73000,SQL; Excel; Python; Power BI,Bachelors Required,2024-05-08,LinkedIn
CA-0164,Junior Data Analyst,Small (<50),Healthcare,Halifax,Nova Scotia,On-site,Mid Level (2-5 yrs),58000,SQL; Excel; Power BI; Git,Bachelors Required,2024-09-26,Indeed
CA-0165,Data Analyst,Mid (50-500),Financial Services,Winnipeg,Manitoba,Hybrid,Mid Level (2-5 yrs),70000,SQL; Excel; Python; Power BI; Tableau; Jira; Power Query,Masters Preferred,2024-02-19,LinkedIn
CA-0166,Data Analyst,Large (500+),Technology,Calgary,Alberta,On-site,Mid Level (2-5 yrs),74000,SQL; Excel; Python; Power BI; SQL Server,Bachelors Required,2024-12-17,Job Bank
CA-0167,Data Analyst,Large (500+),Technology,Vancouver,British Columbia,Hybrid,Entry Level (0-2 yrs),78000,SQL; Excel; Tableau; Azure; Jira,Bachelors Required,2024-08-29,Indeed
CA-0168,Junior Data Analyst,Large (500+),Energy,Ottawa,Ontario,Hybrid,Senior Level (5+ yrs),,SQL; Python; Azure; R,Bachelors Preferred,2024-03-07,Job Bank
CA-0169,Business Analyst,Mid (50-500),Healthcare,Vancouver,British Columbia,Hybrid,Mid Level (2-5 yrs),,SQL; Excel; Power BI; Tableau; SQL Server; R; Jira; Spark,Masters Preferred,2024-03-12,Glassdoor
CA-0170,Junior Data Analyst,Large (500+),Healthcare,Montreal,Quebec,Hybrid,Mid Level (2-5 yrs),,SQL; Python; Power BI; Git; Power Query,Bachelors Required,2025-03-04,LinkedIn
CA-0171,Data Analyst,Mid (50-500),Government,Vancouver,British Columbia,Hybrid,Mid Level (2-5 yrs),82000,SQL; Excel; Python; Power BI; Tableau; SQL Server; R; Git,Bachelors Preferred,2025-01-08,LinkedIn
CA-0172,Senior Data Analyst,Mid (50-500),Technology,Toronto,Ontario,Remote,Senior Level (5+ yrs),117000,SQL; Python; Azure; Git; DAX; Power Query,Bachelors Required,2024-06-05,LinkedIn
CA-0173,Business Intelligence Analyst,Mid (50-500),Financial Services,Toronto,Ontario,Hybrid,Mid Level (2-5 yrs),,SQL; Python; SQL Server; Looker; Power Query,Bachelors Preferred,2024-05-09,LinkedIn
CA-0174,Operations Analyst,Large (500+),Technology,Toronto,Ontario,Remote,Senior Level (5+ yrs),77000,SQL; Excel; SQL Server; Azure,Bachelors Preferred,2024-08-11,LinkedIn
CA-0175,Senior Data Analyst,Mid (50-500),Consulting,Edmonton,Alberta,Remote,Entry Level (0-2 yrs),104000,SQL; Excel; Python; Power BI; Tableau; Azure; Git; Looker,Masters Preferred,2024-07-30,Indeed
CA-0176,Data Analyst II,Large (500+),Healthcare,Waterloo,Ontario,Hybrid,Mid Level (2-5 yrs),89000,SQL; Excel; Python; Power BI,Bachelors Required,2024-11-30,LinkedIn
CA-0177,Business Analyst,Large (500+),Technology,Calgary,Alberta,Hybrid,Senior Level (5+ yrs),82000,SQL; Python; Tableau; SQL Server; Azure,Not Specified,2023-12-12,Indeed
CA-0178,Data Analyst,Mid (50-500),Government,Winnipeg,Manitoba,On-site,Mid Level (2-5 yrs),76000,SQL; Excel; Python; Power BI,Not Specified,2024-09-06,Job Bank
CA-0179,Data Analyst,Small (<50),Retail & E-Commerce,Calgary,Alberta,Remote,Mid Level (2-5 yrs),78000,SQL; Excel; Power BI; Tableau,Not Specified,2024-08-21,LinkedIn
CA-0180,Business Intelligence Analyst,Large (500+),Technology,Toronto,Ontario,Hybrid,Senior Level (5+ yrs),97000,SQL; Excel; Python; Power BI; Tableau; Git; Power Query,Masters Preferred,2023-11-25,LinkedIn
CA-0181,Data Analyst,Small (<50),Manufacturing,Montreal,Quebec,Hybrid,Senior Level (5+ yrs),73000,Excel; Python; Power BI; SQL Server,Bachelors Required,2024-03-22,Indeed
CA-0182,Junior Data Analyst,Small (<50),Technology,Mississauga,Ontario,Remote,Mid Level (2-5 yrs),62000,SQL; Excel; SQL Server; Looker,Not Specified,2024-08-06,LinkedIn
CA-0183,Senior Data Analyst,Large (500+),Technology,Waterloo,Ontario,Hybrid,Mid Level (2-5 yrs),101000,SQL; Excel; Python; Power BI,Bachelors Required,2024-04-08,Job Bank
CA-0184,Financial Data Analyst,Mid (50-500),Government,Mississauga,Ontario,Remote,Senior Level (5+ yrs),93000,SQL; Excel; Python; Tableau; SQL Server; Azure; R,Bachelors Required,2025-03-25,Indeed
CA-0185,Business Analyst,Small (<50),Telecommunications,Ottawa,Ontario,Hybrid,Mid Level (2-5 yrs),81000,SQL; Excel; Power BI; Tableau; SQL Server; Jira; Snowflake,Bachelors Preferred,2023-10-13,Indeed
CA-0186,Business Analyst,Large (500+),Financial Services,Toronto,Ontario,Hybrid,Senior Level (5+ yrs),81000,SQL; Excel; Python; Tableau; Azure; DAX,Bachelors Required,2025-03-03,LinkedIn
CA-0187,Marketing Data Analyst,Large (500+),Technology,Toronto,Ontario,Hybrid,Senior Level (5+ yrs),82000,SQL; Excel; Python; Power BI,Bachelors Required,2023-12-12,Indeed
CA-0188,Business Intelligence Analyst,Mid (50-500),Government,Toronto,Ontario,On-site,Entry Level (0-2 yrs),104000,SQL; Excel; Power BI; Tableau,Masters Preferred,2024-12-05,Indeed
CA-0189,Data Analyst,Large (500+),Technology,Halifax,Nova Scotia,Remote,Entry Level (0-2 yrs),73000,SQL; Excel; Power BI; Tableau; SQL Server; Azure,Bachelors Preferred,2025-02-09,Glassdoor
CA-0190,Data Analyst II,Mid (50-500),Financial Services,Mississauga,Ontario,Hybrid,Senior Level (5+ yrs),85000,SQL; Python; Power BI; Jira,Bachelors Required,2024-09-16,LinkedIn
CA-0191,Junior Data Analyst,Large (500+),Telecommunications,Edmonton,Alberta,Remote,Entry Level (0-2 yrs),64000,SQL; Tableau; R; Git; Snowflake,Bachelors Required,2024-02-12,LinkedIn
CA-0192,Junior Data Analyst,Mid (50-500),Government,Vancouver,British Columbia,On-site,Senior Level (5+ yrs),68000,SQL; Excel; Python; Power BI; Jira; Git; Snowflake,Masters Preferred,2024-04-03,Indeed
CA-0193,Junior Data Analyst,Small (<50),Telecommunications,Vancouver,British Columbia,Hybrid,Entry Level (0-2 yrs),61000,SQL; Excel; Python; Power Query,Bachelors Required,2024-07-07,Company Website
CA-0194,Junior Data Analyst,Small (<50),Financial Services,Vancouver,British Columbia,Hybrid,Senior Level (5+ yrs),75000,Python; Power BI; SQL Server; Databricks,Bachelors Required,2024-10-13,Indeed
CA-0195,Business Intelligence Analyst,Large (500+),Retail & E-Commerce,Vancouver,British Columbia,Hybrid,Senior Level (5+ yrs),101000,SQL; Excel; Power BI; SQL Server,Bachelors Preferred,2025-01-19,Indeed
CA-0196,Data Analyst,Mid (50-500),Technology,Toronto,Ontario,Hybrid,Mid Level (2-5 yrs),81000,SQL; Excel; Power BI; Tableau; SQL Server; Jira,Not Specified,2023-10-30,Glassdoor
CA-0197,Junior Data Analyst,Small (<50),Consulting,Toronto,Ontario,Hybrid,Entry Level (0-2 yrs),68000,SQL; Excel; Python; Power BI,Bachelors Preferred,2024-05-28,Indeed
CA-0198,Business Analyst,Large (500+),Telecommunications,Ottawa,Ontario,Hybrid,Mid Level (2-5 yrs),65000,SQL; Power BI; Tableau; SQL Server; Jira,Bachelors Required,2024-06-09,Indeed
CA-0199,Financial Data Analyst,Small (<50),Healthcare,Ottawa,Ontario,Hybrid,Mid Level (2-5 yrs),86000,SQL; Excel; Python; Power BI; R; Jira; Git; Power Query,Bachelors Required,2024-03-28,LinkedIn
CA-0200,Business Analyst,Large (500+),Government,Toronto,Ontario,Hybrid,Mid Level (2-5 yrs),72000,SQL; Excel; Python; Power BI; Tableau; SQL Server; Azure,Bachelors Preferred,2024-12-11,LinkedIn
CA-0201,Business Intelligence Analyst,Mid (50-500),Telecommunications,Ottawa,Ontario,Remote,Senior Level (5+ yrs),78000,SQL; Excel; Jira; Power Query,Bachelors Required,2024-02-21,Company Website
CA-0202,Junior Data Analyst,Mid (50-500),Technology,Toronto,Ontario,Hybrid,Senior Level (5+ yrs),75000,SQL; Excel; SQL Server; Spark; Looker; Snowflake,Not Specified,2024-02-19,Glassdoor
CA-0203,Data Analyst,Small (<50),Consulting,Calgary,Alberta,Remote,Mid Level (2-5 yrs),,SQL; Python; Power BI; Tableau; SQL Server; Git; DAX,Bachelors Preferred,2024-03-22,LinkedIn
CA-0204,Junior Data Analyst,Mid (50-500),Healthcare,Calgary,Alberta,Remote,Mid Level (2-5 yrs),,SQL; Excel; Python; Tableau; SQL Server; Azure; Git; Looker,Not Specified,2023-11-27,Indeed
CA-0205,Data Analyst,Large (500+),Technology,Toronto,Ontario,Hybrid,Senior Level (5+ yrs),86000,SQL; Excel; Power BI; SQL Server; Git; DAX; Power Query,Not Specified,2024-02-23,Glassdoor
CA-0206,Financial Data Analyst,Small (<50),Financial Services,Calgary,Alberta,Remote,Mid Level (2-5 yrs),82000,SQL; Excel; Python; Tableau; SQL Server; Git,Bachelors Required,2024-12-29,Indeed
CA-0207,Data Analyst,Mid (50-500),Government,Saskatoon,Saskatchewan,Hybrid,Mid Level (2-5 yrs),67000,SQL; Python; Power BI; Azure; Jira,Bachelors Required,2024-06-27,Job Bank
CA-0208,Data Analyst,Small (<50),Technology,Calgary,Alberta,Remote,Mid Level (2-5 yrs),69000,Python; Power BI; Tableau; Git; Spark,Bachelors Preferred,2024-08-21,LinkedIn
CA-0209,Business Analyst,Small (<50),Healthcare,Montreal,Quebec,Hybrid,Entry Level (0-2 yrs),74000,SQL; Excel; Python; Tableau,Bachelors Preferred,2025-02-01,LinkedIn
CA-0210,Junior Data Analyst,Small (<50),Government,Montreal,Quebec,Hybrid,Entry Level (0-2 yrs),56000,SQL; Python; Power BI; SQL Server; Jira,Bachelors Required,2023-10-12,LinkedIn
CA-0211,Data Analyst,Large (500+),Consulting,Toronto,Ontario,Remote,Entry Level (0-2 yrs),85000,SQL; Python; R; Jira,Not Specified,2023-11-18,Job Bank
CA-0212,Financial Data Analyst,Mid (50-500),Telecommunications,Edmonton,Alberta,On-site,Senior Level (5+ yrs),87000,SQL; Excel; Power BI; Tableau; Azure; Looker,Masters Preferred,2024-04-25,Glassdoor
CA-0213,Data Analyst,Large (500+),Financial Services,Calgary,Alberta,On-site,Senior Level (5+ yrs),78000,SQL; Excel; Python; Tableau; Jira; Git,Masters Preferred,2023-10-17,LinkedIn
CA-0214,Junior Data Analyst,Large (500+),Technology,Toronto,Ontario,Hybrid,Senior Level (5+ yrs),62000,Excel; Power Query,Bachelors Preferred,2023-10-07,Indeed
CA-0215,Business Intelligence Analyst,Mid (50-500),Healthcare,Edmonton,Alberta,Hybrid,Entry Level (0-2 yrs),92000,SQL; Excel; Power BI; Jira,Bachelors Preferred,2024-08-24,Indeed
CA-0216,Data Analyst,Large (500+),Healthcare,Toronto,Ontario,Remote,Entry Level (0-2 yrs),73000,SQL; Excel; Python; Tableau; Spark,Bachelors Preferred,2024-04-06,Glassdoor
CA-0217,Data Analyst II,Small (<50),Consulting,Toronto,Ontario,Hybrid,Entry Level (0-2 yrs),93000,SQL; Excel; SQL Server; Jira,Not Specified,2024-03-28,Indeed
CA-0218,Business Intelligence Analyst,Mid (50-500),Retail & E-Commerce,Waterloo,Ontario,Remote,Entry Level (0-2 yrs),,SQL; Excel; Python; Power BI,Bachelors Preferred,2024-06-01,Indeed
CA-0219,Junior Data Analyst,Large (500+),Technology,Mississauga,Ontario,On-site,Senior Level (5+ yrs),73000,SQL; Excel; R; Power Query,Masters Preferred,2023-12-12,Company Website
CA-0220,Data Analyst,Mid (50-500),Financial Services,Vancouver,British Columbia,On-site,Mid Level (2-5 yrs),69000,SQL; Excel; Power BI; Tableau; SQL Server; Azure; Jira; Git,Bachelors Preferred,2023-10-09,Indeed
CA-0221,Junior Data Analyst,Mid (50-500),Energy,Calgary,Alberta,On-site,Mid Level (2-5 yrs),63000,SQL; Excel; Python; Power BI; Tableau; SQL Server; Git,Masters Preferred,2024-08-30,Job Bank
CA-0222,Senior Data Analyst,Large (500+),Retail & E-Commerce,Calgary,Alberta,Hybrid,Senior Level (5+ yrs),100000,SQL; Excel; Python; SQL Server; R; Jira; Git; Looker,Bachelors Preferred,2024-06-03,LinkedIn
CA-0223,Junior Data Analyst,Mid (50-500),Financial Services,Calgary,Alberta,Hybrid,Mid Level (2-5 yrs),63000,SQL; Excel; Python; Power BI; Tableau; SQL Server; Git; Power Query,Masters Preferred,2024-02-14,LinkedIn
CA-0224,Data Analyst,Mid (50-500),Healthcare,Toronto,Ontario,Remote,Mid Level (2-5 yrs),73000,Power BI; SQL Server; Azure,Not Specified,2023-12-21,Indeed
CA-0225,Data Analyst,Mid (50-500),Financial Services,Vancouver,British Columbia,Remote,Entry Level (0-2 yrs),83000,SQL; Excel; Python; Power BI; Tableau,Bachelors Required,2024-11-15,LinkedIn
CA-0226,Marketing Data Analyst,Mid (50-500),Healthcare,Edmonton,Alberta,On-site,Mid Level (2-5 yrs),64000,SQL; Excel; Power BI; R,Not Specified,2024-08-06,Job Bank
CA-0227,Data Analyst,Large (500+),Healthcare,Calgary,Alberta,Remote,Senior Level (5+ yrs),76000,SQL; Excel; Python; Power BI; SQL Server,Not Specified,2025-02-18,Indeed
CA-0228,Data Analyst,Mid (50-500),Telecommunications,Winnipeg,Manitoba,On-site,Mid Level (2-5 yrs),75000,SQL; Excel; Python; Tableau; SQL Server; Azure; Jira; Git,Not Specified,2024-01-01,Company Website
CA-0229,Marketing Data Analyst,Large (500+),Consulting,Edmonton,Alberta,Remote,Mid Level (2-5 yrs),65000,SQL; Excel; Python; Power BI; SQL Server; DAX,Masters Preferred,2025-03-03,Company Website
CA-0230,Data Analyst,Small (<50),Telecommunications,Waterloo,Ontario,Hybrid,Mid Level (2-5 yrs),73000,SQL; Excel; Python; Power BI; Tableau; Azure; Jira; Git,Bachelors Preferred,2024-12-19,LinkedIn
CA-0231,Business Analyst,Large (500+),Financial Services,Ottawa,Ontario,Hybrid,Mid Level (2-5 yrs),84000,Python; Power BI; Tableau; SQL Server; Azure; Git; DAX,Not Specified,2024-12-10,LinkedIn
CA-0232,Junior Data Analyst,Small (<50),Financial Services,Vancouver,British Columbia,On-site,Mid Level (2-5 yrs),73000,SQL; Excel; SQL Server; Git; Power Query,Bachelors Required,2024-07-23,Company Website
CA-0233,Data Analyst,Large (500+),Technology,Winnipeg,Manitoba,Remote,Entry Level (0-2 yrs),67000,SQL; Python; SQL Server,Bachelors Required,2024-06-22,Indeed
CA-0234,Data Analyst II,Mid (50-500),Retail & E-Commerce,Toronto,Ontario,Hybrid,Mid Level (2-5 yrs),83000,SQL; Excel; Python; Tableau; SQL Server; Jira; Spark,Masters Preferred,2023-10-09,LinkedIn
CA-0235,Data Analyst,Large (500+),Technology,Calgary,Alberta,On-site,Senior Level (5+ yrs),79000,SQL; Excel; Python; Azure; Snowflake,Bachelors Required,2024-03-15,Indeed
CA-0236,Junior Data Analyst,Mid (50-500),Healthcare,Vancouver,British Columbia,Hybrid,Mid Level (2-5 yrs),,SQL; Excel; Python; Tableau; Spark; Looker,Bachelors Preferred,2024-03-06,LinkedIn
CA-0237,Data Analyst,Large (500+),Government,Vancouver,British Columbia,Hybrid,Senior Level (5+ yrs),89000,SQL; Excel; Python; Tableau; Azure,Bachelors Preferred,2024-02-21,Glassdoor
CA-0238,Business Intelligence Analyst,Large (500+),Financial Services,Montreal,Quebec,Hybrid,Entry Level (0-2 yrs),77000,SQL; Excel; Python; Power BI; Tableau,Bachelors Required,2024-03-09,Indeed
CA-0239,Business Analyst,Large (500+),Financial Services,Vancouver,British Columbia,Hybrid,Senior Level (5+ yrs),88000,SQL; Excel; Tableau; R; Git,Not Specified,2023-11-27,LinkedIn
CA-0240,Business Analyst,Large (500+),Retail & E-Commerce,Vancouver,British Columbia,Remote,Entry Level (0-2 yrs),,SQL; Python; Power BI; Tableau,Bachelors Preferred,2024-02-17,Indeed
CA-0241,Senior Data Analyst,Small (<50),Government,Toronto,Ontario,Remote,Senior Level (5+ yrs),98000,Excel; Power BI; Tableau; R; DAX,Not Specified,2024-08-06,LinkedIn
CA-0242,Financial Data Analyst,Mid (50-500),Technology,Vancouver,British Columbia,Hybrid,Mid Level (2-5 yrs),86000,SQL; Excel; Python; Tableau; SQL Server; Spark,Bachelors Required,2024-08-16,LinkedIn
CA-0243,Junior Data Analyst,Mid (50-500),Consulting,Vancouver,British Columbia,On-site,Mid Level (2-5 yrs),60000,SQL; Excel; Python; Power BI; Tableau,Bachelors Preferred,2024-11-13,Indeed
CA-0244,Business Intelligence Analyst,Small (<50),Retail & E-Commerce,Vancouver,British Columbia,Remote,Mid Level (2-5 yrs),78000,SQL; Excel; Python; Power BI; Looker,Bachelors Preferred,2024-05-18,LinkedIn
CA-0245,Business Intelligence Analyst,Large (500+),Healthcare,Ottawa,Ontario,Hybrid,Senior Level (5+ yrs),92000,SQL; Python; Tableau; R; Jira; Spark; DAX,Bachelors Preferred,2024-02-10,LinkedIn
CA-0246,Junior Data Analyst,Mid (50-500),Government,Edmonton,Alberta,On-site,Mid Level (2-5 yrs),,Excel; Python; Power BI; Tableau; SQL Server; DAX; Snowflake,Bachelors Preferred,2024-12-07,LinkedIn
CA-0247,Data Analyst II,Mid (50-500),Financial Services,Toronto,Ontario,Hybrid,Entry Level (0-2 yrs),,SQL; Python; Power BI; SQL Server; DAX,Not Specified,2023-12-28,Job Bank
CA-0248,Senior Data Analyst,Mid (50-500),Government,Halifax,Nova Scotia,Hybrid,Senior Level (5+ yrs),99000,SQL; Excel; Power BI; Tableau; Git,Bachelors Preferred,2024-11-21,Company Website
CA-0249,Business Intelligence Analyst,Mid (50-500),Technology,Calgary,Alberta,Remote,Senior Level (5+ yrs),,SQL; Python; Power BI; Azure; R,Not Specified,2024-07-31,Indeed
CA-0250,HR Data Analyst,Mid (50-500),Consulting,Edmonton,Alberta,Hybrid,Entry Level (0-2 yrs),62000,SQL; Excel; Python; Power BI; SQL Server,Bachelors Required,2024-10-19,LinkedIn
CA-0251,Data Analyst II,Mid (50-500),Financial Services,Edmonton,Alberta,On-site,Senior Level (5+ yrs),82000,SQL; Excel; Power BI; Tableau; SQL Server; Azure; Snowflake,Bachelors Preferred,2024-05-31,LinkedIn
CA-0252,Junior Data Analyst,Large (500+),Technology,Mississauga,Ontario,On-site,Mid Level (2-5 yrs),72000,SQL; Excel; Tableau,Bachelors Required,2025-03-08,LinkedIn
CA-0253,Operations Analyst,Small (<50),Healthcare,Montreal,Quebec,Hybrid,Mid Level (2-5 yrs),66000,SQL; Excel; Python; SQL Server; R; Git,Masters Preferred,2024-12-04,LinkedIn
CA-0254,Senior Data Analyst,Large (500+),Healthcare,Toronto,Ontario,Hybrid,Mid Level (2-5 yrs),99000,SQL; Excel; Tableau,Bachelors Required,2025-02-16,Indeed
CA-0255,Marketing Data Analyst,Small (<50),Healthcare,Edmonton,Alberta,Remote,Mid Level (2-5 yrs),63000,SQL; Excel; Power BI; SQL Server; Azure; Jira,Bachelors Preferred,2023-11-04,LinkedIn
CA-0256,Business Intelligence Analyst,Large (500+),Technology,Ottawa,Ontario,Remote,Mid Level (2-5 yrs),81000,SQL; Excel; Python; Tableau; Jira; DAX; Power Query,Bachelors Required,2023-12-01,LinkedIn
CA-0257,HR Data Analyst,Small (<50),Consulting,Ottawa,Ontario,Hybrid,Mid Level (2-5 yrs),74000,SQL; Excel; Power BI; Tableau; SQL Server; Azure; Spark,Bachelors Required,2023-10-09,LinkedIn
CA-0258,Data Analyst,Small (<50),Government,Montreal,Quebec,Hybrid,Mid Level (2-5 yrs),73000,SQL; Excel; Python; Tableau; SQL Server; Azure; Git; DAX; Power Query,Bachelors Required,2024-07-31,LinkedIn
CA-0259,Business Intelligence Analyst,Small (<50),Healthcare,Calgary,Alberta,Remote,Entry Level (0-2 yrs),,SQL; Excel; SQL Server; Looker,Masters Preferred,2024-05-06,LinkedIn
CA-0260,HR Data Analyst,Small (<50),Manufacturing,Ottawa,Ontario,Hybrid,Entry Level (0-2 yrs),60000,SQL; Excel; Python; Power BI; Tableau,Bachelors Preferred,2024-04-19,Indeed
CA-0261,Business Intelligence Analyst,Large (500+),Technology,Toronto,Ontario,Hybrid,Senior Level (5+ yrs),89000,SQL; Excel; Python; Power BI,Not Specified,2024-07-07,Indeed
CA-0262,Business Intelligence Analyst,Mid (50-500),Technology,Montreal,Quebec,Remote,Entry Level (0-2 yrs),86000,Excel; Python; SQL Server,Not Specified,2024-01-10,Indeed
CA-0263,Senior Data Analyst,Large (500+),Technology,Montreal,Quebec,On-site,Senior Level (5+ yrs),99000,Excel; SQL Server; DAX,Bachelors Required,2024-12-08,LinkedIn
CA-0264,Data Analyst,Mid (50-500),Government,Vancouver,British Columbia,Remote,Senior Level (5+ yrs),84000,SQL; Power BI; Azure; Looker,Bachelors Required,2024-11-25,Indeed
CA-0265,Data Analyst,Mid (50-500),Technology,Toronto,Ontario,Hybrid,Mid Level (2-5 yrs),71000,SQL; Excel; Python; Tableau; SQL Server; Azure; R; Power Query,Bachelors Preferred,2024-01-13,LinkedIn
CA-0266,Business Analyst,Mid (50-500),Healthcare,Victoria,British Columbia,Remote,Senior Level (5+ yrs),66000,SQL; Excel; Python; Azure; DAX; Power Query,Bachelors Preferred,2024-05-15,LinkedIn
CA-0267,Business Intelligence Analyst,Large (500+),Government,Victoria,British Columbia,Remote,Mid Level (2-5 yrs),74000,SQL; Excel; Python; Power BI; SQL Server; Looker; DAX,Bachelors Required,2024-04-16,Job Bank
CA-0268,Business Intelligence Analyst,Large (500+),Manufacturing,Winnipeg,Manitoba,Remote,Senior Level (5+ yrs),84000,SQL; Excel; Power BI,Bachelors Required,2023-11-25,Indeed
CA-0269,Business Intelligence Analyst,Mid (50-500),Government,Toronto,Ontario,On-site,Mid Level (2-5 yrs),,SQL; Python; Power BI; Databricks; Snowflake,Bachelors Required,2025-01-03,Job Bank
CA-0270,Junior Data Analyst,Large (500+),Technology,Ottawa,Ontario,Hybrid,Senior Level (5+ yrs),69000,SQL; Excel; Python; Tableau,Masters Preferred,2024-09-19,Job Bank
CA-0271,Data Analyst,Small (<50),Healthcare,Toronto,Ontario,Hybrid,Mid Level (2-5 yrs),79000,SQL; Excel; Python; R; Git,Bachelors Required,2024-02-05,Indeed
CA-0272,Business Intelligence Analyst,Mid (50-500),Financial Services,Vancouver,British Columbia,Remote,Mid Level (2-5 yrs),93000,SQL; Python; Tableau; Azure; Power Query,Bachelors Preferred,2024-10-05,Job Bank
CA-0273,Business Analyst,Small (<50),Telecommunications,Winnipeg,Manitoba,On-site,Entry Level (0-2 yrs),72000,Excel; Azure; Git; Spark; Power Query,Not Specified,2025-02-17,Indeed
CA-0274,Senior Data Analyst,Large (500+),Technology,Edmonton,Alberta,Hybrid,Entry Level (0-2 yrs),103000,SQL; Python; Tableau; Azure; Jira; Power Query,Bachelors Preferred,2025-01-12,Job Bank
CA-0275,Business Analyst,Large (500+),Consulting,Ottawa,Ontario,Hybrid,Mid Level (2-5 yrs),83000,SQL; Excel; Tableau; Git; DAX; Power Query; Databricks,Bachelors Required,2024-04-17,Indeed
CA-0276,Data Analyst,Large (500+),Financial Services,Montreal,Quebec,Remote,Senior Level (5+ yrs),76000,SQL; Python; Power BI; R; Jira,Bachelors Required,2024-01-03,LinkedIn
CA-0277,Data Analyst,Large (500+),Financial Services,Victoria,British Columbia,Hybrid,Mid Level (2-5 yrs),81000,Python; Power BI; Tableau,Bachelors Preferred,2024-01-23,LinkedIn
CA-0278,Data Analyst,Large (500+),Manufacturing,Vancouver,British Columbia,Hybrid,Senior Level (5+ yrs),73000,SQL; Excel; Python; SQL Server; Jira,Not Specified,2024-10-03,Indeed
CA-0279,Senior Data Analyst,Mid (50-500),Healthcare,Ottawa,Ontario,Remote,Senior Level (5+ yrs),95000,SQL; Excel; Python; Power BI; R; Jira; Power Query; Snowflake,Bachelors Required,2023-11-03,Job Bank
CA-0280,Business Intelligence Analyst,Large (500+),Consulting,Edmonton,Alberta,Hybrid,Entry Level (0-2 yrs),,SQL; Excel; Python; Tableau; SQL Server,Masters Preferred,2025-03-23,Job Bank
CA-0281,Business Intelligence Analyst,Large (500+),Technology,Toronto,Ontario,Hybrid,Senior Level (5+ yrs),,SQL; Excel; Power BI; Tableau,Bachelors Required,2024-11-10,Indeed
CA-0282,Data Analyst,Mid (50-500),Energy,Waterloo,Ontario,Hybrid,Senior Level (5+ yrs),83000,SQL; Excel; Python; Azure; DAX,Bachelors Required,2024-06-16,Glassdoor
CA-0283,Senior Data Analyst,Large (500+),Healthcare,Toronto,Ontario,On-site,Senior Level (5+ yrs),104000,SQL; Excel; Python; Power BI; Tableau,Bachelors Preferred,2023-11-05,Job Bank
CA-0284,Data Analyst,Mid (50-500),Energy,Ottawa,Ontario,Remote,Senior Level (5+ yrs),79000,SQL; Excel; Python; Power BI; Tableau; SQL Server; R; Jira,Bachelors Required,2024-01-14,Indeed
CA-0285,Business Analyst,Mid (50-500),Telecommunications,Ottawa,Ontario,Hybrid,Mid Level (2-5 yrs),84000,SQL; Excel; Power BI; Tableau; SQL Server; R; Git; Spark; DAX,Bachelors Required,2024-03-24,Indeed
CA-0286,Senior Data Analyst,Mid (50-500),Financial Services,Vancouver,British Columbia,Hybrid,Senior Level (5+ yrs),110000,SQL; Python; Power BI; Azure,Bachelors Required,2024-09-26,LinkedIn
CA-0287,Senior Data Analyst,Small (<50),Financial Services,Halifax,Nova Scotia,Hybrid,Entry Level (0-2 yrs),92000,Excel; Python; Tableau; Git; Power Query,Bachelors Preferred,2024-03-05,Job Bank
CA-0288,Business Intelligence Analyst,Large (500+),Technology,Calgary,Alberta,On-site,Mid Level (2-5 yrs),95000,SQL; Excel; Python; Git; Looker; Snowflake,Bachelors Required,2023-12-19,LinkedIn
CA-0289,Business Intelligence Analyst,Small (<50),Energy,Vancouver,British Columbia,Hybrid,Senior Level (5+ yrs),90000,SQL; Excel; Power BI; Azure; Git; Looker; DAX; Power Query,Bachelors Required,2024-01-01,LinkedIn
CA-0290,Business Intelligence Analyst,Mid (50-500),Telecommunications,Calgary,Alberta,Hybrid,Senior Level (5+ yrs),79000,SQL; Excel; Tableau; SQL Server,Not Specified,2024-08-21,Indeed
CA-0291,HR Data Analyst,Mid (50-500),Healthcare,Edmonton,Alberta,Hybrid,Mid Level (2-5 yrs),58000,SQL; Excel; Python; Tableau; SQL Server; Git,Bachelors Required,2024-07-10,Indeed
CA-0292,Financial Data Analyst,Mid (50-500),Healthcare,Winnipeg,Manitoba,On-site,Mid Level (2-5 yrs),,SQL; Python; Tableau; SQL Server; R,Masters Preferred,2024-01-18,LinkedIn
CA-0293,Data Analyst,Large (500+),Financial Services,Vancouver,British Columbia,Hybrid,Mid Level (2-5 yrs),80000,SQL; Excel; Power BI; SQL Server,Bachelors Required,2024-07-28,Company Website
CA-0294,HR Data Analyst,Small (<50),Consulting,Toronto,Ontario,Remote,Mid Level (2-5 yrs),63000,SQL; Python; Power BI; SQL Server,Not Specified,2024-07-11,LinkedIn
CA-0295,Business Analyst,Small (<50),Technology,Ottawa,Ontario,Hybrid,Entry Level (0-2 yrs),84000,SQL; Python; Power BI; SQL Server; Git; DAX,Bachelors Required,2025-01-30,Indeed
CA-0296,Data Analyst,Mid (50-500),Financial Services,Calgary,Alberta,Hybrid,Mid Level (2-5 yrs),70000,SQL; Python; Power BI; Tableau,Bachelors Required,2024-04-28,LinkedIn
CA-0297,HR Data Analyst,Mid (50-500),Retail & E-Commerce,Ottawa,Ontario,Hybrid,Entry Level (0-2 yrs),75000,SQL; Excel; Python; Power BI; Tableau,Bachelors Required,2024-09-07,Company Website
CA-0298,Marketing Data Analyst,Mid (50-500),Energy,Montreal,Quebec,On-site,Senior Level (5+ yrs),65000,SQL; Excel; Tableau,Bachelors Required,2024-03-11,Indeed
CA-0299,Data Analyst II,Small (<50),Telecommunications,Ottawa,Ontario,Hybrid,Mid Level (2-5 yrs),89000,SQL; Python; Power BI; SQL Server; Azure; Power Query,Bachelors Preferred,2024-12-09,LinkedIn
CA-0300,Business Analyst,Mid (50-500),Healthcare,Montreal,Quebec,Hybrid,Entry Level (0-2 yrs),71000,SQL; Excel; Python; SQL Server; Jira; Looker,Bachelors Preferred,2023-10-17,Glassdoor
CA-0301,Business Analyst,Mid (50-500),Financial Services,Saskatoon,Saskatchewan,Remote,Mid Level (2-5 yrs),65000,SQL; Power BI; Azure; R,Bachelors Required,2024-12-26,Indeed
CA-0302,Data Analyst,Mid (50-500),Financial Services,Vancouver,British Columbia,Remote,Mid Level (2-5 yrs),79000,SQL; Excel; Power BI; Tableau; DAX; Power Query,Masters Preferred,2023-11-04,Indeed
CA-0303,Financial Data Analyst,Small (<50),Technology,Toronto,Ontario,On-site,Senior Level (5+ yrs),90000,SQL; Excel; Power BI; SQL Server; R; Jira,Bachelors Preferred,2024-05-23,LinkedIn
CA-0304,Business Analyst,Large (500+),Financial Services,Calgary,Alberta,Hybrid,Senior Level (5+ yrs),68000,SQL; Python; Tableau; SQL Server; Azure; DAX,Bachelors Preferred,2024-07-04,LinkedIn
CA-0305,Data Analyst II,Large (500+),Healthcare,Saskatoon,Saskatchewan,Hybrid,Senior Level (5+ yrs),72000,SQL; Excel; Azure; R; Jira,Bachelors Preferred,2025-01-01,LinkedIn
CA-0306,Business Analyst,Large (500+),Technology,Victoria,British Columbia,Hybrid,Senior Level (5+ yrs),84000,SQL; Excel; Python; Power BI,Bachelors Preferred,2024-08-01,Job Bank
CA-0307,Data Analyst,Small (<50),Government,Toronto,Ontario,On-site,Entry Level (0-2 yrs),91000,SQL; Excel; Power BI; Tableau,Bachelors Required,2024-10-30,Indeed
CA-0308,Data Analyst,Large (500+),Financial Services,Calgary,Alberta,Hybrid,Senior Level (5+ yrs),87000,SQL; Excel; Power BI; Tableau; SQL Server; Jira,Not Specified,2024-02-18,LinkedIn
CA-0309,HR Data Analyst,Large (500+),Technology,Toronto,Ontario,Remote,Entry Level (0-2 yrs),67000,Excel; Python; Power BI; Tableau; SQL Server; Power Query,Not Specified,2025-02-05,Indeed
CA-0310,Data Analyst,Mid (50-500),Healthcare,Mississauga,Ontario,On-site,Mid Level (2-5 yrs),74000,SQL; Excel; Power BI; Git,Masters Preferred,2024-09-25,Indeed
CA-0311,Data Analyst II,Large (500+),Healthcare,Montreal,Quebec,Remote,Mid Level (2-5 yrs),83000,SQL; Excel; Python; SQL Server; R; Looker; Power Query; Snowflake,Masters Preferred,2024-07-19,Indeed
CA-0312,Operations Analyst,Large (500+),Technology,Calgary,Alberta,On-site,Senior Level (5+ yrs),70000,SQL; Excel; Python; SQL Server; R; DAX; Power Query,Bachelors Required,2024-07-18,LinkedIn
CA-0313,Data Analyst II,Large (500+),Technology,Ottawa,Ontario,Remote,Entry Level (0-2 yrs),88000,SQL; Excel; Python; Tableau; Spark,Bachelors Required,2024-08-16,Indeed
CA-0314,Data Analyst,Small (<50),Financial Services,Halifax,Nova Scotia,Hybrid,Entry Level (0-2 yrs),68000,SQL; Excel; Python; Power BI; R; Jira; Power Query,Masters Preferred,2023-10-07,LinkedIn
CA-0315,Data Analyst,Mid (50-500),Consulting,Toronto,Ontario,On-site,Senior Level (5+ yrs),89000,SQL; Excel; Power BI; Tableau; DAX,Bachelors Preferred,2025-02-19,Glassdoor
CA-0316,Data Analyst II,Mid (50-500),Retail & E-Commerce,Mississauga,Ontario,On-site,Mid Level (2-5 yrs),,SQL; Python; Power BI; Git,Not Specified,2024-06-20,LinkedIn
CA-0317,Operations Analyst,Large (500+),Financial Services,Halifax,Nova Scotia,On-site,Mid Level (2-5 yrs),65000,Excel; Python; Tableau; SQL Server; R; Jira; Snowflake,Bachelors Required,2024-12-03,Company Website
CA-0318,HR Data Analyst,Large (500+),Energy,Calgary,Alberta,Hybrid,Senior Level (5+ yrs),79000,SQL; Excel; Python; Power BI; SQL Server; Azure; Git; DAX,Bachelors Preferred,2024-08-26,Glassdoor
CA-0319,Data Analyst,Large (500+),Retail & E-Commerce,Calgary,Alberta,Remote,Mid Level (2-5 yrs),81000,SQL; Excel; Python; Power BI; Tableau,Bachelors Required,2024-08-04,Indeed
CA-0320,Data Analyst,Large (500+),Financial Services,Toronto,Ontario,Remote,Mid Level (2-5 yrs),88000,SQL; Excel; Python; Power BI; Jira,Masters Preferred,2024-02-03,Indeed
CA-0321,Data Analyst,Mid (50-500),Financial Services,Toronto,Ontario,Hybrid,Mid Level (2-5 yrs),80000,SQL; Excel; Python; Power BI,Masters Preferred,2024-10-16,Indeed
CA-0322,Senior Data Analyst,Mid (50-500),Retail & E-Commerce,Vancouver,British Columbia,Hybrid,Mid Level (2-5 yrs),113000,SQL; Excel; Python; Power BI; Jira; DAX,Bachelors Required,2023-11-04,LinkedIn
CA-0323,Data Analyst,Large (500+),Consulting,Toronto,Ontario,On-site,Senior Level (5+ yrs),81000,SQL; Excel; Python; Tableau; SQL Server; Git,Not Specified,2025-01-07,Indeed
CA-0324,Senior Data Analyst,Mid (50-500),Financial Services,Toronto,Ontario,Hybrid,Mid Level (2-5 yrs),110000,SQL; Excel; Python; Tableau; SQL Server,Not Specified,2024-09-20,Indeed
CA-0325,Business Analyst,Mid (50-500),Financial Services,Ottawa,Ontario,On-site,Senior Level (5+ yrs),71000,SQL; Python; Power BI; Tableau; Jira; Git,Bachelors Required,2024-12-23,Job Bank
CA-0326,Data Analyst,Mid (50-500),Financial Services,Calgary,Alberta,Hybrid,Senior Level (5+ yrs),,SQL; Power BI; Tableau; SQL Server; DAX,Not Specified,2023-12-02,Indeed
CA-0327,Data Analyst,Small (<50),Technology,Vancouver,British Columbia,Remote,Senior Level (5+ yrs),80000,SQL; Excel; Python; Spark; Looker,Bachelors Required,2024-08-25,LinkedIn
CA-0328,Business Intelligence Analyst,Mid (50-500),Technology,Ottawa,Ontario,Hybrid,Entry Level (0-2 yrs),87000,SQL; Python; Power BI; Tableau; SQL Server,Bachelors Preferred,2024-08-10,Job Bank
CA-0329,Business Analyst,Small (<50),Technology,Toronto,Ontario,Remote,Mid Level (2-5 yrs),80000,Excel; Python; Power BI; Tableau; Azure; Jira,Bachelors Preferred,2024-07-19,LinkedIn
CA-0330,HR Data Analyst,Mid (50-500),Telecommunications,Toronto,Ontario,Remote,Mid Level (2-5 yrs),82000,SQL; Excel; R; Git,Bachelors Required,2024-05-25,LinkedIn
CA-0331,HR Data Analyst,Small (<50),Financial Services,Toronto,Ontario,Hybrid,Mid Level (2-5 yrs),79000,SQL; Python; Power BI; Azure; Git; Snowflake,Bachelors Preferred,2024-06-07,Company Website
CA-0332,Data Analyst,Large (500+),Telecommunications,Vancouver,British Columbia,Hybrid,Senior Level (5+ yrs),86000,SQL; DAX,Bachelors Required,2024-10-14,Job Bank
CA-0333,Data Analyst,Mid (50-500),Energy,Montreal,Quebec,Remote,Mid Level (2-5 yrs),,SQL; Excel; Tableau; Azure; Git; Power Query,Not Specified,2024-08-15,Indeed
CA-0334,Data Analyst,Large (500+),Healthcare,Toronto,Ontario,Hybrid,Entry Level (0-2 yrs),82000,Excel; Python; Power BI; SQL Server; Azure,Bachelors Required,2023-11-10,Indeed
CA-0335,Data Analyst II,Large (500+),Technology,Ottawa,Ontario,Remote,Mid Level (2-5 yrs),75000,SQL; Excel; Python; Tableau; SQL Server,Masters Preferred,2024-02-13,Indeed
CA-0336,Data Analyst,Mid (50-500),Healthcare,Montreal,Quebec,Remote,Mid Level (2-5 yrs),70000,SQL; Excel; Python; Power BI; Jira; DAX; Power Query,Masters Preferred,2023-11-16,Glassdoor
CA-0337,HR Data Analyst,Mid (50-500),Manufacturing,Saskatoon,Saskatchewan,Hybrid,Entry Level (0-2 yrs),53000,SQL; Python; Power BI; Tableau; SQL Server; Azure; DAX,Masters Preferred,2025-01-05,Indeed
CA-0338,Data Analyst,Large (500+),Financial Services,Toronto,Ontario,Hybrid,Senior Level (5+ yrs),82000,SQL; Excel; Python; Power BI; Tableau; SQL Server,Bachelors Required,2024-12-17,LinkedIn
CA-0339,Data Analyst,Small (<50),Healthcare,Toronto,Ontario,Hybrid,Senior Level (5+ yrs),88000,SQL; Excel; Python; Power BI; SQL Server,Bachelors Required,2024-02-03,LinkedIn
CA-0340,Business Intelligence Analyst,Large (500+),Financial Services,Halifax,Nova Scotia,On-site,Mid Level (2-5 yrs),73000,SQL; Python; Git,Bachelors Preferred,2024-06-12,Job Bank
CA-0341,Financial Data Analyst,Large (500+),Technology,Vancouver,British Columbia,Hybrid,Senior Level (5+ yrs),,SQL; Excel; Python; Spark; Looker; Power Query,Bachelors Required,2025-01-16,Indeed
CA-0342,Data Analyst,Large (500+),Healthcare,Montreal,Quebec,Hybrid,Entry Level (0-2 yrs),75000,SQL; Excel; Python; Tableau; Jira,Not Specified,2024-06-24,LinkedIn
CA-0343,Data Analyst II,Mid (50-500),Healthcare,Mississauga,Ontario,On-site,Mid Level (2-5 yrs),81000,SQL; Excel; Power BI; Tableau; SQL Server; DAX,Masters Preferred,2025-01-03,Glassdoor
CA-0344,Business Analyst,Small (<50),Government,Toronto,Ontario,On-site,Entry Level (0-2 yrs),,Excel; Python; Power BI; Tableau,Bachelors Required,2024-08-14,Indeed
CA-0345,Junior Data Analyst,Large (500+),Technology,Toronto,Ontario,Hybrid,Mid Level (2-5 yrs),63000,SQL; Excel; Python; Power BI; Tableau; R; Git,Bachelors Required,2024-02-27,LinkedIn
CA-0346,Junior Data Analyst,Large (500+),Telecommunications,Vancouver,British Columbia,Remote,Entry Level (0-2 yrs),63000,SQL; Python; Power BI; Tableau; SQL Server,Masters Preferred,2024-03-05,Company Website
CA-0347,Business Intelligence Analyst,Mid (50-500),Retail & E-Commerce,Toronto,Ontario,Hybrid,Senior Level (5+ yrs),102000,SQL; Python; Git; DAX,Bachelors Preferred,2024-04-12,LinkedIn
CA-0348,Junior Data Analyst,Small (<50),Consulting,Regina,Saskatchewan,On-site,Senior Level (5+ yrs),59000,Excel; Power BI; SQL Server; Azure; Power Query; Databricks,Masters Preferred,2024-08-28,Indeed
CA-0349,Data Analyst,Small (<50),Government,Ottawa,Ontario,Remote,Senior Level (5+ yrs),83000,SQL; Excel; Power BI; Tableau; SQL Server,Bachelors Required,2024-12-30,LinkedIn
CA-0350,Business Analyst,Small (<50),Retail & E-Commerce,Vancouver,British Columbia,Hybrid,Mid Level (2-5 yrs),,SQL; Excel; Python; Tableau; R; Git,Masters Preferred,2024-11-12,Indeed
CA-0351,Data Analyst,Small (<50),Financial Services,Montreal,Quebec,Hybrid,Senior Level (5+ yrs),69000,SQL; Excel; Python; Power BI; Tableau,Bachelors Required,2023-10-11,Indeed
CA-0352,HR Data Analyst,Mid (50-500),Technology,Calgary,Alberta,Hybrid,Mid Level (2-5 yrs),68000,SQL; Excel; Jira; Spark,Bachelors Required,2023-11-02,Indeed
CA-0353,Operations Analyst,Large (500+),Consulting,Calgary,Alberta,Remote,Senior Level (5+ yrs),69000,SQL; Excel; Tableau; Azure; Looker,Bachelors Preferred,2023-12-09,LinkedIn
CA-0354,Senior Data Analyst,Large (500+),Technology,Mississauga,Ontario,Hybrid,Mid Level (2-5 yrs),99000,SQL; Excel; Python; Power BI; Azure,Masters Preferred,2024-04-12,Company Website
CA-0355,Financial Data Analyst,Small (<50),Technology,Toronto,Ontario,Remote,Mid Level (2-5 yrs),81000,SQL; Excel; Power BI; SQL Server,Masters Preferred,2025-02-10,Company Website
CA-0356,Data Analyst,Mid (50-500),Retail & E-Commerce,Vancouver,British Columbia,On-site,Senior Level (5+ yrs),76000,Excel; Power Query; Databricks,Bachelors Preferred,2025-03-08,Indeed
CA-0357,Business Intelligence Analyst,Large (500+),Retail & E-Commerce,Waterloo,Ontario,Hybrid,Entry Level (0-2 yrs),85000,SQL; Python; SQL Server; Azure; Jira; Spark,Bachelors Preferred,2023-10-08,Indeed
CA-0358,Junior Data Analyst,Large (500+),Consulting,Calgary,Alberta,On-site,Senior Level (5+ yrs),69000,SQL; Excel; Power BI; Git; Spark; Looker; Databricks,Bachelors Required,2024-05-18,Glassdoor
CA-0359,Data Analyst,Large (500+),Financial Services,Mississauga,Ontario,On-site,Mid Level (2-5 yrs),67000,SQL; Excel; Jira; Git; Power Query,Bachelors Preferred,2025-03-19,LinkedIn
CA-0360,Business Analyst,Large (500+),Financial Services,Waterloo,Ontario,Hybrid,Mid Level (2-5 yrs),81000,SQL; Excel; Python; SQL Server; DAX,Bachelors Preferred,2024-05-23,LinkedIn
CA-0361,Senior Data Analyst,Mid (50-500),Retail & E-Commerce,Calgary,Alberta,Hybrid,Entry Level (0-2 yrs),108000,SQL; Azure; Jira; Power Query; Databricks,Bachelors Preferred,2024-05-14,LinkedIn
CA-0362,Business Intelligence Analyst,Small (<50),Government,Saskatoon,Saskatchewan,Hybrid,Mid Level (2-5 yrs),79000,SQL; Python; Tableau; DAX; Snowflake,Bachelors Preferred,2024-11-18,Indeed
CA-0363,Business Analyst,Small (<50),Technology,Edmonton,Alberta,On-site,Senior Level (5+ yrs),,SQL; Python; Tableau,Bachelors Preferred,2023-10-08,Job Bank
CA-0364,Junior Data Analyst,Mid (50-500),Retail & E-Commerce,Toronto,Ontario,Remote,Mid Level (2-5 yrs),65000,SQL; Excel; Power BI; Git; Power Query,Bachelors Required,2024-04-29,Job Bank
CA-0365,Business Analyst,Mid (50-500),Financial Services,Ottawa,Ontario,Remote,Mid Level (2-5 yrs),86000,SQL; Excel; Tableau; Jira,Bachelors Required,2024-09-29,LinkedIn
CA-0366,Financial Data Analyst,Mid (50-500),Financial Services,Edmonton,Alberta,On-site,Entry Level (0-2 yrs),,SQL; Power BI; Tableau; SQL Server; R,Bachelors Required,2023-11-03,LinkedIn
CA-0367,Data Analyst,Large (500+),Retail & E-Commerce,Toronto,Ontario,Hybrid,Senior Level (5+ yrs),90000,SQL; Excel; Python; Power BI; Tableau; Azure; Jira,Masters Preferred,2024-03-21,Job Bank
CA-0368,Data Analyst,Mid (50-500),Retail & E-Commerce,Vancouver,British Columbia,Hybrid,Senior Level (5+ yrs),73000,SQL; Excel; Python; Azure; Git; Power Query,Bachelors Required,2025-01-07,Job Bank
CA-0369,Operations Analyst,Mid (50-500),Manufacturing,Calgary,Alberta,Remote,Senior Level (5+ yrs),63000,SQL; Excel; SQL Server; Git; DAX; Power Query,Bachelors Required,2024-06-27,Indeed
CA-0370,Data Analyst,Mid (50-500),Financial Services,Ottawa,Ontario,Hybrid,Mid Level (2-5 yrs),,SQL; Excel; Tableau; SQL Server; Git,Bachelors Required,2025-03-05,LinkedIn
CA-0371,Data Analyst II,Large (500+),Consulting,Toronto,Ontario,Remote,Mid Level (2-5 yrs),86000,SQL; Excel; Power BI; Tableau; Azure; R,Not Specified,2024-06-16,Company Website
CA-0372,Data Analyst,Small (<50),Retail & E-Commerce,Ottawa,Ontario,Hybrid,Mid Level (2-5 yrs),82000,SQL; Excel; Tableau; Azure; Power Query,Bachelors Required,2024-05-30,Job Bank
CA-0373,Business Intelligence Analyst,Large (500+),Retail & E-Commerce,Calgary,Alberta,Remote,Mid Level (2-5 yrs),,SQL; Excel; Python; Power BI; SQL Server; Azure; Jira; Git; Power Query,Bachelors Required,2024-07-06,Job Bank
CA-0374,Business Analyst,Mid (50-500),Technology,Saskatoon,Saskatchewan,Hybrid,Mid Level (2-5 yrs),66000,SQL; Excel; Tableau; Azure; R; Git,Masters Preferred,2024-02-26,Indeed
CA-0375,Data Analyst,Large (500+),Financial Services,Mississauga,Ontario,Hybrid,Senior Level (5+ yrs),74000,SQL; Excel; Power BI; Tableau; Power Query; Snowflake,Bachelors Preferred,2024-06-06,Indeed
CA-0376,Business Intelligence Analyst,Mid (50-500),Healthcare,Toronto,Ontario,Hybrid,Entry Level (0-2 yrs),88000,SQL; Excel; Python; Power BI,Masters Preferred,2025-01-10,Indeed
CA-0377,Business Intelligence Analyst,Large (500+),Healthcare,Vancouver,British Columbia,Hybrid,Entry Level (0-2 yrs),,SQL; Python; SQL Server; Jira; Looker; Power Query,Not Specified,2025-01-12,Indeed
CA-0378,HR Data Analyst,Large (500+),Retail & E-Commerce,Toronto,Ontario,Hybrid,Mid Level (2-5 yrs),81000,SQL; Excel; Spark,Masters Preferred,2024-04-22,Indeed
CA-0379,Senior Data Analyst,Large (500+),Energy,Toronto,Ontario,Remote,Senior Level (5+ yrs),116000,SQL; Excel; Python; Tableau; SQL Server; R; Git,Bachelors Preferred,2024-03-05,LinkedIn
CA-0380,Operations Analyst,Mid (50-500),Manufacturing,Montreal,Quebec,Remote,Senior Level (5+ yrs),69000,SQL; Excel; Power BI; DAX; Snowflake,Bachelors Required,2024-06-13,Indeed
CA-0381,Data Analyst,Mid (50-500),Energy,Vancouver,British Columbia,Remote,Mid Level (2-5 yrs),70000,SQL; Excel; Python; Power BI; SQL Server; R; Jira,Bachelors Required,2023-12-15,Glassdoor
CA-0382,Marketing Data Analyst,Small (<50),Financial Services,Vancouver,British Columbia,Hybrid,Senior Level (5+ yrs),67000,SQL; Excel; Python; Power BI; Tableau; Git; DAX; Power Query,Bachelors Required,2024-07-03,LinkedIn
CA-0383,Business Analyst,Large (500+),Government,Vancouver,British Columbia,Remote,Senior Level (5+ yrs),,SQL; Excel; Azure; R; DAX,Bachelors Required,2023-12-18,Company Website
CA-0384,Data Analyst,Mid (50-500),Healthcare,Toronto,Ontario,On-site,Entry Level (0-2 yrs),89000,SQL; Python; Power BI; Tableau; SQL Server,Bachelors Preferred,2025-01-07,Company Website
CA-0385,Business Analyst,Mid (50-500),Technology,Toronto,Ontario,On-site,Mid Level (2-5 yrs),88000,SQL; Excel; Python; Azure; R,Bachelors Preferred,2025-02-20,LinkedIn
CA-0386,Data Analyst,Mid (50-500),Financial Services,Ottawa,Ontario,Hybrid,Mid Level (2-5 yrs),80000,SQL; Excel; Power BI; Tableau; SQL Server; Jira,Bachelors Required,2024-01-30,LinkedIn
CA-0387,Operations Analyst,Small (<50),Telecommunications,Regina,Saskatchewan,Remote,Senior Level (5+ yrs),70000,SQL; Excel; Power BI; Tableau; Jira; DAX,Bachelors Required,2024-08-28,Indeed
CA-0388,Data Analyst,Large (500+),Technology,Toronto,Ontario,Hybrid,Mid Level (2-5 yrs),81000,SQL; Excel; Python; Power BI; Azure; Git; Spark; DAX; Power Query,Bachelors Required,2024-10-19,Job Bank
CA-0389,Operations Analyst,Small (<50),Financial Services,Calgary,Alberta,Hybrid,Mid Level (2-5 yrs),,SQL; Excel; Power BI; Jira; Git; DAX,Bachelors Required,2024-08-04,Indeed
CA-0390,Data Analyst,Mid (50-500),Consulting,Halifax,Nova Scotia,Hybrid,Senior Level (5+ yrs),73000,SQL; Excel; SQL Server; R,Bachelors Required,2024-05-07,LinkedIn
CA-0391,Senior Data Analyst,Mid (50-500),Retail & E-Commerce,Winnipeg,Manitoba,On-site,Entry Level (0-2 yrs),82000,Excel; Python; Tableau; Power Query,Not Specified,2024-10-29,Glassdoor
CA-0392,Senior Data Analyst,Large (500+),Retail & E-Commerce,Winnipeg,Manitoba,On-site,Senior Level (5+ yrs),102000,Excel; Python; Tableau; Azure; Git,Masters Preferred,2025-03-05,LinkedIn
CA-0393,Data Analyst,Large (500+),Financial Services,Calgary,Alberta,Hybrid,Entry Level (0-2 yrs),,SQL; Excel; Python; Tableau; Azure; Jira; Power Query,Bachelors Preferred,2024-11-23,Indeed
CA-0394,Senior Data Analyst,Mid (50-500),Technology,Ottawa,Ontario,Hybrid,Mid Level (2-5 yrs),100000,SQL; Excel; Tableau,Bachelors Required,2024-11-11,Glassdoor
CA-0395,Operations Analyst,Mid (50-500),Energy,Vancouver,British Columbia,Hybrid,Entry Level (0-2 yrs),72000,SQL; Excel; Power BI; SQL Server; R,Bachelors Preferred,2024-03-16,Job Bank
CA-0396,Data Analyst,Mid (50-500),Financial Services,Waterloo,Ontario,Hybrid,Mid Level (2-5 yrs),72000,Excel; Python; Power BI; R; Power Query; Snowflake,Bachelors Required,2024-11-06,LinkedIn
CA-0397,Business Analyst,Small (<50),Government,Toronto,Ontario,Hybrid,Senior Level (5+ yrs),70000,SQL; Power BI; Azure; Git,Bachelors Required,2024-08-04,LinkedIn
CA-0398,HR Data Analyst,Mid (50-500),Consulting,Vancouver,British Columbia,Remote,Mid Level (2-5 yrs),74000,SQL; Excel; Tableau; SQL Server; Jira; DAX; Databricks,Not Specified,2024-07-11,LinkedIn
CA-0399,Junior Data Analyst,Mid (50-500),Consulting,Vancouver,British Columbia,Hybrid,Mid Level (2-5 yrs),,SQL; Excel; Tableau; Azure; R,Masters Preferred,2024-08-09,LinkedIn
CA-0400,Marketing Data Analyst,Small (<50),Financial Services,Edmonton,Alberta,Remote,Senior Level (5+ yrs),,SQL; Excel; Python; Power BI; SQL Server,Bachelors Preferred,2024-09-22,Indeed
CA-0401,Data Analyst,Small (<50),Energy,Victoria,British Columbia,Hybrid,Entry Level (0-2 yrs),70000,SQL; Excel; Python; SQL Server,Bachelors Required,2024-02-10,Indeed
CA-0402,Data Analyst,Mid (50-500),Financial Services,Waterloo,Ontario,Hybrid,Mid Level (2-5 yrs),75000,SQL; Excel; Python; Power BI; Tableau; Azure; Jira; Git,Bachelors Required,2024-11-24,LinkedIn
CA-0403,Operations Analyst,Mid (50-500),Energy,Toronto,Ontario,On-site,Entry Level (0-2 yrs),75000,SQL; Excel; Python; Power BI; Tableau; SQL Server; Azure; R,Bachelors Preferred,2024-05-17,Glassdoor
CA-0404,Senior Data Analyst,Mid (50-500),Government,Toronto,Ontario,Remote,Mid Level (2-5 yrs),109000,SQL; Excel; Python; Tableau,Not Specified,2024-02-02,Indeed
CA-0405,Business Intelligence Analyst,Large (500+),Consulting,Montreal,Quebec,Hybrid,Mid Level (2-5 yrs),70000,Python; Tableau; SQL Server; Git; Spark; DAX,Bachelors Preferred,2024-01-18,Job Bank
CA-0406,Data Analyst II,Mid (50-500),Technology,Vancouver,British Columbia,Hybrid,Mid Level (2-5 yrs),81000,Excel; Power BI; Azure; DAX,Bachelors Required,2024-12-06,Company Website
CA-0407,Senior Data Analyst,Mid (50-500),Technology,Mississauga,Ontario,Hybrid,Entry Level (0-2 yrs),95000,Excel; SQL Server; Power Query,Not Specified,2024-12-02,Indeed
CA-0408,Senior Data Analyst,Large (500+),Healthcare,Victoria,British Columbia,Remote,Entry Level (0-2 yrs),88000,SQL; Power BI,Not Specified,2024-05-16,Indeed
CA-0409,Data Analyst,Small (<50),Retail & E-Commerce,Montreal,Quebec,On-site,Senior Level (5+ yrs),64000,SQL; Excel; Python; Power BI,Bachelors Required,2024-08-02,Job Bank
CA-0410,Data Analyst,Small (<50),Financial Services,Calgary,Alberta,Hybrid,Mid Level (2-5 yrs),87000,Excel; SQL Server; Azure; Looker; DAX,Bachelors Required,2023-12-02,LinkedIn
CA-0411,Business Intelligence Analyst,Mid (50-500),Telecommunications,Edmonton,Alberta,On-site,Mid Level (2-5 yrs),84000,Excel; Python; Power BI; SQL Server; Azure; Git,Not Specified,2024-12-05,Indeed
CA-0412,HR Data Analyst,Small (<50),Telecommunications,Edmonton,Alberta,On-site,Senior Level (5+ yrs),64000,SQL; Python; Power BI; Azure; Git; Databricks,Bachelors Required,2025-02-06,Glassdoor
CA-0413,Business Analyst,Mid (50-500),Telecommunications,Toronto,Ontario,Remote,Entry Level (0-2 yrs),83000,SQL; Excel; Power BI; Tableau; SQL Server; Power Query,Bachelors Required,2023-12-13,Job Bank
CA-0414,Data Analyst,Large (500+),Retail & E-Commerce,Winnipeg,Manitoba,Remote,Mid Level (2-5 yrs),,SQL; Excel; Power BI; Tableau; Git; Looker,Bachelors Preferred,2024-04-13,LinkedIn
CA-0415,Data Analyst,Small (<50),Energy,Halifax,Nova Scotia,Hybrid,Mid Level (2-5 yrs),73000,SQL; Excel; Python; Power BI; R; Spark,Bachelors Preferred,2024-05-31,Indeed
CA-0416,Business Analyst,Large (500+),Retail & E-Commerce,Montreal,Quebec,Remote,Senior Level (5+ yrs),65000,SQL; Python; Tableau; SQL Server,Bachelors Preferred,2024-04-23,LinkedIn
CA-0417,Data Analyst,Mid (50-500),Healthcare,Calgary,Alberta,On-site,Senior Level (5+ yrs),68000,SQL; Excel; Power BI; Tableau; SQL Server; R,Bachelors Preferred,2024-08-13,LinkedIn
CA-0418,Data Analyst,Large (500+),Government,Toronto,Ontario,Hybrid,Entry Level (0-2 yrs),75000,Excel; Python; Power BI; SQL Server; Git,Bachelors Required,2024-12-28,Indeed
CA-0419,Data Analyst,Large (500+),Healthcare,Edmonton,Alberta,On-site,Mid Level (2-5 yrs),83000,SQL; Excel; Power BI; Tableau; Jira; Git; DAX; Power Query,Masters Preferred,2024-12-16,Indeed
CA-0420,Junior Data Analyst,Mid (50-500),Healthcare,Ottawa,Ontario,Hybrid,Senior Level (5+ yrs),71000,SQL; Excel; Python; Power BI,Bachelors Required,2024-04-22,LinkedIn
CA-0421,Data Analyst,Large (500+),Healthcare,Calgary,Alberta,Hybrid,Senior Level (5+ yrs),73000,SQL; Excel; Power BI; Tableau; Git,Masters Preferred,2024-04-05,LinkedIn
CA-0422,Data Analyst,Large (500+),Financial Services,Montreal,Quebec,Hybrid,Senior Level (5+ yrs),81000,SQL; Excel; Python; Power BI,Not Specified,2024-05-03,LinkedIn
CA-0423,Data Analyst,Mid (50-500),Energy,Victoria,British Columbia,Hybrid,Entry Level (0-2 yrs),71000,SQL; Excel; Python; Tableau; SQL Server; R; Jira,Bachelors Preferred,2024-08-03,Indeed
CA-0424,Junior Data Analyst,Mid (50-500),Healthcare,Ottawa,Ontario,Remote,Entry Level (0-2 yrs),68000,SQL; Excel; Power Query,Masters Preferred,2024-06-05,LinkedIn
CA-0425,Data Analyst,Large (500+),Technology,Vancouver,British Columbia,Hybrid,Senior Level (5+ yrs),82000,SQL; Excel; Python; Power BI,Bachelors Required,2024-01-19,LinkedIn
CA-0426,Junior Data Analyst,Small (<50),Financial Services,Ottawa,Ontario,Remote,Senior Level (5+ yrs),67000,SQL; Excel; Power BI; SQL Server,Not Specified,2024-08-15,LinkedIn
CA-0427,Business Intelligence Analyst,Small (<50),Financial Services,Vancouver,British Columbia,On-site,Mid Level (2-5 yrs),84000,SQL; Excel; Tableau,Bachelors Required,2024-03-03,LinkedIn
CA-0428,Financial Data Analyst,Mid (50-500),Technology,Vancouver,British Columbia,Hybrid,Senior Level (5+ yrs),83000,SQL; Excel; Python; Tableau; SQL Server,Masters Preferred,2023-12-26,Indeed
CA-0429,Business Analyst,Mid (50-500),Technology,Vancouver,British Columbia,Remote,Mid Level (2-5 yrs),69000,SQL; Python; Power BI; Tableau; SQL Server; R; Jira,Bachelors Required,2023-11-23,LinkedIn
CA-0430,Data Analyst,Mid (50-500),Technology,Ottawa,Ontario,Remote,Mid Level (2-5 yrs),,SQL; Excel; Python; Power BI; SQL Server; Azure; Jira,Bachelors Required,2024-12-01,Job Bank
CA-0431,Business Intelligence Analyst,Large (500+),Technology,Calgary,Alberta,On-site,Mid Level (2-5 yrs),75000,SQL; Python; Power BI; Tableau,Not Specified,2024-01-05,Indeed
CA-0432,Business Intelligence Analyst,Mid (50-500),Financial Services,Edmonton,Alberta,On-site,Senior Level (5+ yrs),90000,SQL; Excel; Tableau; Azure; Power Query,Not Specified,2023-11-03,Job Bank
CA-0433,Business Intelligence Analyst,Large (500+),Retail & E-Commerce,Calgary,Alberta,Hybrid,Senior Level (5+ yrs),94000,SQL; Excel; Power BI; Tableau,Bachelors Preferred,2024-06-08,Indeed
CA-0434,Business Intelligence Analyst,Mid (50-500),Government,Mississauga,Ontario,Hybrid,Mid Level (2-5 yrs),91000,SQL; Excel; Python; Power BI; Power Query,Bachelors Preferred,2023-11-19,LinkedIn
CA-0435,Senior Data Analyst,Large (500+),Technology,Toronto,Ontario,Remote,Entry Level (0-2 yrs),103000,Python; Power BI; Azure; Git; Power Query,Bachelors Required,2025-03-11,Job Bank
CA-0436,Senior Data Analyst,Small (<50),Government,Vancouver,British Columbia,Hybrid,Mid Level (2-5 yrs),117000,SQL; Python; Power BI; Azure; Power Query; Snowflake,Bachelors Required,2025-03-16,Company Website
CA-0437,Business Intelligence Analyst,Small (<50),Technology,Vancouver,British Columbia,Hybrid,Entry Level (0-2 yrs),88000,SQL; Python; Tableau; Git,Bachelors Required,2024-10-03,Indeed
CA-0438,Data Analyst,Large (500+),Technology,Vancouver,British Columbia,On-site,Entry Level (0-2 yrs),74000,SQL; Python; Power BI; SQL Server,Bachelors Required,2024-05-17,LinkedIn
CA-0439,Senior Data Analyst,Mid (50-500),Energy,Montreal,Quebec,Hybrid,Entry Level (0-2 yrs),103000,SQL; Excel; Python; Tableau; R; Looker,Bachelors Required,2024-03-25,Company Website
CA-0440,Senior Data Analyst,Large (500+),Manufacturing,Saskatoon,Saskatchewan,Remote,Senior Level (5+ yrs),90000,Excel; Power BI; Tableau; Power Query; Snowflake,Bachelors Required,2024-12-04,LinkedIn
CA-0441,Data Analyst,Large (500+),Retail & E-Commerce,Toronto,Ontario,Remote,Mid Level (2-5 yrs),72000,SQL; Tableau; SQL Server,Masters Preferred,2024-10-23,LinkedIn
CA-0442,Data Analyst,Large (500+),Financial Services,Ottawa,Ontario,Hybrid,Senior Level (5+ yrs),73000,SQL; Excel; Power BI; Git,Bachelors Required,2025-01-31,Indeed
CA-0443,Data Analyst,Mid (50-500),Telecommunications,Edmonton,Alberta,Remote,Mid Level (2-5 yrs),,SQL; Excel; Python; SQL Server; Jira; DAX,Bachelors Preferred,2023-11-14,Glassdoor
CA-0444,Business Intelligence Analyst,Small (<50),Financial Services,Mississauga,Ontario,Remote,Mid Level (2-5 yrs),95000,SQL; Excel; Python; SQL Server; R; Looker,Bachelors Required,2025-01-14,LinkedIn
CA-0445,Operations Analyst,Large (500+),Technology,Vancouver,British Columbia,Hybrid,Entry Level (0-2 yrs),65000,SQL; Excel; Power BI; Tableau; R; Jira,Not Specified,2024-08-26,Indeed
CA-0446,Junior Data Analyst,Mid (50-500),Energy,Calgary,Alberta,Hybrid,Mid Level (2-5 yrs),67000,SQL; Excel; Power BI; Azure,Bachelors Preferred,2024-06-21,LinkedIn
CA-0447,Business Intelligence Analyst,Mid (50-500),Technology,Calgary,Alberta,Hybrid,Entry Level (0-2 yrs),80000,SQL; Excel; R; Git; Spark,Bachelors Required,2024-10-24,Indeed
CA-0448,Operations Analyst,Large (500+),Technology,Toronto,Ontario,Hybrid,Senior Level (5+ yrs),71000,SQL; Excel; Python; Power BI; Tableau; SQL Server,Bachelors Preferred,2024-08-10,Indeed
CA-0449,Data Analyst,Mid (50-500),Technology,Vancouver,British Columbia,Hybrid,Entry Level (0-2 yrs),75000,SQL; Excel; Power BI; Tableau; Git,Masters Preferred,2024-01-08,LinkedIn
CA-0450,Business Intelligence Analyst,Small (<50),Consulting,Vancouver,British Columbia,Hybrid,Mid Level (2-5 yrs),76000,SQL; Excel; SQL Server,Bachelors Required,2023-12-27,Company Website
CA-0451,Marketing Data Analyst,Mid (50-500),Financial Services,Calgary,Alberta,On-site,Entry Level (0-2 yrs),83000,Python; Tableau,Not Specified,2024-10-03,Company Website
CA-0452,Data Analyst,Small (<50),Telecommunications,Toronto,Ontario,Hybrid,Mid Level (2-5 yrs),,SQL; Excel; Python; Power BI; Tableau; SQL Server,Bachelors Preferred,2024-05-17,LinkedIn
CA-0453,Business Analyst,Mid (50-500),Healthcare,Edmonton,Alberta,Remote,Entry Level (0-2 yrs),82000,Excel; Python; Power BI; SQL Server; R; Looker; Power Query,Bachelors Required,2024-04-30,LinkedIn
CA-0454,Junior Data Analyst,Mid (50-500),Financial Services,Vancouver,British Columbia,Remote,Mid Level (2-5 yrs),58000,SQL; Power BI; Tableau; SQL Server; R,Bachelors Preferred,2024-05-01,Job Bank
CA-0455,Data Analyst,Large (500+),Healthcare,Vancouver,British Columbia,Remote,Mid Level (2-5 yrs),88000,SQL; Python; Power BI; R; Jira; DAX,Bachelors Required,2025-02-12,Glassdoor
CA-0456,Data Analyst,Large (500+),Energy,Calgary,Alberta,Remote,Mid Level (2-5 yrs),75000,SQL; Excel; SQL Server,Bachelors Required,2024-09-01,LinkedIn
CA-0457,Data Analyst II,Small (<50),Consulting,Toronto,Ontario,Hybrid,Mid Level (2-5 yrs),82000,SQL; Python; Tableau; SQL Server; Azure; Jira; Spark,Masters Preferred,2024-06-07,Glassdoor
CA-0458,Data Analyst,Mid (50-500),Financial Services,Toronto,Ontario,Hybrid,Mid Level (2-5 yrs),80000,SQL; Excel; Python; Power BI; SQL Server; R; Snowflake,Not Specified,2023-12-09,Job Bank
CA-0459,HR Data Analyst,Small (<50),Government,Waterloo,Ontario,On-site,Entry Level (0-2 yrs),64000,SQL; Excel; Python; Power BI,Bachelors Required,2023-11-04,LinkedIn
CA-0460,Data Analyst,Mid (50-500),Financial Services,Montreal,Quebec,Remote,Entry Level (0-2 yrs),80000,SQL; Excel; Python; Power BI; Tableau; R,Bachelors Required,2025-02-09,Indeed
CA-0461,Business Intelligence Analyst,Small (<50),Financial Services,Victoria,British Columbia,On-site,Mid Level (2-5 yrs),88000,SQL; Tableau; SQL Server,Bachelors Required,2024-08-15,LinkedIn
CA-0462,Senior Data Analyst,Mid (50-500),Retail & E-Commerce,Winnipeg,Manitoba,On-site,Mid Level (2-5 yrs),90000,SQL; Python; Git; Spark,Bachelors Required,2025-02-14,LinkedIn
CA-0463,Financial Data Analyst,Large (500+),Consulting,Toronto,Ontario,Hybrid,Senior Level (5+ yrs),,SQL; Excel; Python; Spark; Power Query,Bachelors Preferred,2024-11-11,Company Website
CA-0464,Data Analyst,Large (500+),Financial Services,Montreal,Quebec,Remote,Mid Level (2-5 yrs),74000,SQL; Excel; Tableau; R; Looker; DAX,Bachelors Required,2024-05-27,LinkedIn
CA-0465,Junior Data Analyst,Mid (50-500),Manufacturing,Calgary,Alberta,Hybrid,Mid Level (2-5 yrs),71000,Excel; Power BI; Tableau; Jira; Looker; Snowflake,Not Specified,2024-09-01,LinkedIn
CA-0466,Data Analyst,Large (500+),Technology,Mississauga,Ontario,Hybrid,Senior Level (5+ yrs),83000,SQL; Excel; Power BI; Tableau; SQL Server,Not Specified,2025-01-23,Indeed
CA-0467,Operations Analyst,Large (500+),Consulting,Vancouver,British Columbia,Remote,Senior Level (5+ yrs),69000,Excel; Python; Git; DAX; Power Query; Databricks,Bachelors Required,2025-03-01,Job Bank
CA-0468,Business Intelligence Analyst,Small (<50),Technology,Edmonton,Alberta,Remote,Mid Level (2-5 yrs),91000,SQL; Excel; SQL Server; Azure,Bachelors Required,2024-01-28,LinkedIn
CA-0469,Financial Data Analyst,Large (500+),Financial Services,Toronto,Ontario,Hybrid,Entry Level (0-2 yrs),75000,SQL; Power BI; Azure; R,Masters Preferred,2024-11-25,LinkedIn
CA-0470,Business Analyst,Large (500+),Financial Services,Edmonton,Alberta,On-site,Senior Level (5+ yrs),66000,SQL; Tableau; Jira,Bachelors Preferred,2023-10-12,Indeed
CA-0471,Business Intelligence Analyst,Large (500+),Financial Services,Toronto,Ontario,Hybrid,Senior Level (5+ yrs),93000,SQL; Python; Tableau; Databricks,Bachelors Preferred,2024-04-09,Company Website
CA-0472,Data Analyst,Small (<50),Retail & E-Commerce,Toronto,Ontario,Hybrid,Mid Level (2-5 yrs),,SQL; Excel; Python; Power BI; SQL Server,Bachelors Required,2024-05-08,Glassdoor
CA-0473,Data Analyst,Mid (50-500),Government,Toronto,Ontario,Hybrid,Mid Level (2-5 yrs),83000,SQL; Excel; SQL Server; Jira,Bachelors Preferred,2024-06-08,Glassdoor
CA-0474,Business Intelligence Analyst,Mid (50-500),Technology,Mississauga,Ontario,Hybrid,Entry Level (0-2 yrs),,SQL; Excel; Power BI; SQL Server; R; Git; DAX; Power Query; Databricks,Bachelors Required,2024-08-13,Indeed
CA-0475,Data Analyst II,Large (500+),Manufacturing,Ottawa,Ontario,Remote,Mid Level (2-5 yrs),88000,SQL; Excel; R; Spark; Power Query,Bachelors Required,2024-05-18,LinkedIn
CA-0476,Junior Data Analyst,Large (500+),Technology,Toronto,Ontario,Hybrid,Mid Level (2-5 yrs),76000,SQL; Excel; Python; SQL Server; Spark,Bachelors Preferred,2024-12-18,LinkedIn
CA-0477,Data Analyst,Mid (50-500),Technology,Ottawa,Ontario,Hybrid,Senior Level (5+ yrs),,SQL; Excel; Python; Tableau,Bachelors Required,2024-08-18,LinkedIn
CA-0478,Business Analyst,Large (500+),Technology,Calgary,Alberta,Hybrid,Senior Level (5+ yrs),80000,Excel; Power BI; Tableau,Bachelors Required,2025-01-03,Indeed
CA-0479,Business Analyst,Small (<50),Financial Services,Mississauga,Ontario,Hybrid,Senior Level (5+ yrs),,SQL; Excel; Python; R; Jira; Git,Not Specified,2024-05-13,LinkedIn
CA-0480,Junior Data Analyst,Mid (50-500),Government,Toronto,Ontario,Hybrid,Senior Level (5+ yrs),68000,Excel; Python; Tableau; SQL Server,Not Specified,2024-12-04,Job Bank
CA-0481,Data Analyst,Mid (50-500),Healthcare,Calgary,Alberta,Hybrid,Mid Level (2-5 yrs),74000,SQL; Excel; Python; Jira; Git,Bachelors Required,2024-04-04,LinkedIn
CA-0482,Senior Data Analyst,Mid (50-500),Telecommunications,Toronto,Ontario,Remote,Entry Level (0-2 yrs),108000,SQL; Excel; Power BI; Tableau; SQL Server; R,Bachelors Preferred,2024-03-02,Indeed
CA-0483,Business Intelligence Analyst,Mid (50-500),Consulting,Montreal,Quebec,On-site,Entry Level (0-2 yrs),80000,SQL; Python; Azure; Power Query; Databricks,Bachelors Required,2023-10-03,LinkedIn
CA-0484,Data Analyst,Mid (50-500),Technology,Toronto,Ontario,Hybrid,Mid Level (2-5 yrs),91000,SQL; Excel; Python; Azure,Bachelors Preferred,2023-10-31,LinkedIn
CA-0485,Data Analyst,Large (500+),Consulting,Calgary,Alberta,Hybrid,Senior Level (5+ yrs),72000,SQL; Excel; Python; Azure; Power Query; Snowflake,Bachelors Preferred,2024-09-01,Job Bank
CA-0486,Business Intelligence Analyst,Small (<50),Retail & E-Commerce,Vancouver,British Columbia,Hybrid,Senior Level (5+ yrs),79000,Python; Power BI; Tableau; Git; Snowflake,Masters Preferred,2024-11-08,Indeed
CA-0487,Data Analyst,Large (500+),Consulting,Calgary,Alberta,Remote,Mid Level (2-5 yrs),83000,SQL; Excel; Python; Power BI; SQL Server; R; Jira,Bachelors Preferred,2023-10-21,Company Website
CA-0488,Data Analyst,Mid (50-500),Consulting,Victoria,British Columbia,Remote,Entry Level (0-2 yrs),71000,SQL; Excel; Python; Power BI; Tableau; Git; DAX; Databricks,Bachelors Required,2024-07-11,Job Bank
CA-0489,Junior Data Analyst,Large (500+),Financial Services,Vancouver,British Columbia,Hybrid,Entry Level (0-2 yrs),68000,SQL; Excel; Python; R; Jira,Not Specified,2024-12-18,Indeed
CA-0490,Financial Data Analyst,Large (500+),Healthcare,Ottawa,Ontario,Hybrid,Mid Level (2-5 yrs),72000,SQL; Python; Tableau; SQL Server; Azure; Git,Not Specified,2023-12-01,LinkedIn
CA-0491,Business Intelligence Analyst,Mid (50-500),Energy,Vancouver,British Columbia,Hybrid,Senior Level (5+ yrs),77000,SQL; Excel; Python; Tableau; Power Query,Masters Preferred,2025-03-15,Indeed
CA-0492,Data Analyst,Mid (50-500),Energy,Vancouver,British Columbia,Hybrid,Mid Level (2-5 yrs),79000,SQL; Excel; Python; Azure,Bachelors Required,2024-03-14,Indeed
CA-0493,Business Intelligence Analyst,Mid (50-500),Retail & E-Commerce,Vancouver,British Columbia,Hybrid,Entry Level (0-2 yrs),91000,SQL; Excel; Python; Power BI,Bachelors Required,2024-01-30,LinkedIn
CA-0494,Business Intelligence Analyst,Mid (50-500),Consulting,Toronto,Ontario,Hybrid,Senior Level (5+ yrs),79000,SQL; Excel; Python; Power Query,Not Specified,2024-01-19,LinkedIn
CA-0495,Junior Data Analyst,Large (500+),Healthcare,Toronto,Ontario,Hybrid,Mid Level (2-5 yrs),72000,SQL; Excel; Python; Power BI; Tableau; SQL Server,Bachelors Required,2024-06-26,Indeed
CA-0496,Junior Data Analyst,Mid (50-500),Financial Services,Calgary,Alberta,Remote,Senior Level (5+ yrs),64000,SQL; Excel; Python; Tableau; Azure; Git; Power Query,Bachelors Preferred,2025-03-28,LinkedIn
CA-0497,Junior Data Analyst,Mid (50-500),Retail & E-Commerce,Mississauga,Ontario,Remote,Mid Level (2-5 yrs),68000,SQL; Excel; Python; Power BI; Tableau,Not Specified,2024-06-28,Indeed
CA-0498,Data Analyst,Large (500+),Financial Services,Toronto,Ontario,Remote,Entry Level (0-2 yrs),71000,SQL; Excel; Python; Git,Bachelors Required,2024-12-21,LinkedIn
CA-0499,Financial Data Analyst,Mid (50-500),Technology,Waterloo,Ontario,Remote,Entry Level (0-2 yrs),,Excel; Python; Power BI; SQL Server; Git; Power Query,Bachelors Required,2025-01-31,Job Bank
CA-0500,Financial Data Analyst,Large (500+),Technology,Edmonton,Alberta,Remote,Senior Level (5+ yrs),72000,SQL; Excel; Python; Tableau; R; Looker,Not Specified,2024-08-18,Company Website
CA-0501,Data Analyst,Large (500+),Financial Services,Toronto,Ontario,Remote,Senior Level (5+ yrs),74000,SQL; Python; SQL Server; R; Git,Bachelors Required,2024-12-16,Indeed
CA-0502,Data Analyst,Small (<50),Financial Services,Waterloo,Ontario,On-site,Senior Level (5+ yrs),77000,SQL; Excel; Python; SQL Server,Bachelors Preferred,2024-07-08,LinkedIn
CA-0503,Senior Data Analyst,Large (500+),Technology,Vancouver,British Columbia,Hybrid,Senior Level (5+ yrs),112000,SQL; Excel; Power BI; Tableau; SQL Server; Azure; R,Bachelors Required,2023-12-28,Job Bank
CA-0504,Senior Data Analyst,Mid (50-500),Telecommunications,Toronto,Ontario,Hybrid,Mid Level (2-5 yrs),123000,SQL; Excel; Python; Azure; R; Git; Spark,Bachelors Preferred,2023-12-28,Glassdoor
CA-0505,Data Analyst,Small (<50),Retail & E-Commerce,Saskatoon,Saskatchewan,Hybrid,Mid Level (2-5 yrs),63000,SQL; Excel; Python; Power BI; Tableau; Jira,Bachelors Preferred,2024-05-01,Job Bank
CA-0506,Operations Analyst,Small (<50),Healthcare,Vancouver,British Columbia,Hybrid,Mid Level (2-5 yrs),67000,SQL; Excel; Python; Power BI; Looker,Bachelors Required,2024-05-18,Indeed
CA-0507,Data Analyst,Mid (50-500),Consulting,Toronto,Ontario,Remote,Mid Level (2-5 yrs),88000,SQL; Excel; Python; Power BI; Tableau; SQL Server; R; Jira,Not Specified,2024-06-01,Indeed
CA-0508,Senior Data Analyst,Small (<50),Technology,Toronto,Ontario,Hybrid,Entry Level (0-2 yrs),119000,SQL; Excel; Power BI; Tableau; SQL Server,Bachelors Preferred,2025-02-14,Indeed
CA-0509,Data Analyst,Large (500+),Technology,Edmonton,Alberta,Remote,Senior Level (5+ yrs),84000,SQL; Excel; Python; R,Masters Preferred,2024-08-13,Indeed
CA-0510,Business Analyst,Large (500+),Consulting,Toronto,Ontario,Hybrid,Senior Level (5+ yrs),84000,SQL; Excel; Tableau; DAX; Power Query,Bachelors Preferred,2023-10-31,LinkedIn
CA-0511,Data Analyst,Mid (50-500),Technology,Winnipeg,Manitoba,Hybrid,Mid Level (2-5 yrs),67000,SQL; Python; SQL Server; Git,Bachelors Required,2024-11-30,Indeed
CA-0512,HR Data Analyst,Small (<50),Telecommunications,Toronto,Ontario,On-site,Mid Level (2-5 yrs),,Excel; Python; Azure; R; Snowflake,Masters Preferred,2023-11-15,Indeed
CA-0513,Senior Data Analyst,Mid (50-500),Technology,Vancouver,British Columbia,Remote,Senior Level (5+ yrs),104000,SQL; Excel; Python; Tableau; SQL Server; DAX; Power Query,Not Specified,2024-06-01,Indeed
CA-0514,Data Analyst II,Small (<50),Financial Services,Calgary,Alberta,Hybrid,Senior Level (5+ yrs),77000,SQL; Excel; Tableau; SQL Server; Git,Not Specified,2025-03-12,Indeed
CA-0515,Senior Data Analyst,Mid (50-500),Healthcare,Edmonton,Alberta,Hybrid,Mid Level (2-5 yrs),89000,SQL; Excel; Python; Power BI; SQL Server; Azure; R; Git; Power Query,Bachelors Required,2023-12-14,Job Bank
CA-0516,Senior Data Analyst,Large (500+),Technology,Ottawa,Ontario,Hybrid,Senior Level (5+ yrs),102000,SQL; Excel; Power BI; SQL Server,Masters Preferred,2023-12-04,Indeed
CA-0517,Data Analyst,Mid (50-500),Consulting,Mississauga,Ontario,Hybrid,Senior Level (5+ yrs),74000,SQL; Excel; Power BI; Tableau; Azure; Git; Spark,Bachelors Required,2024-12-22,LinkedIn
CA-0518,Business Intelligence Analyst,Mid (50-500),Retail & E-Commerce,Montreal,Quebec,Remote,Mid Level (2-5 yrs),90000,SQL; Excel; Python; Power BI; Tableau,Bachelors Preferred,2024-02-09,Indeed
CA-0519,Data Analyst,Mid (50-500),Energy,Vancouver,British Columbia,On-site,Senior Level (5+ yrs),83000,SQL; Python; SQL Server; Jira; Git,Bachelors Required,2023-12-26,Job Bank
CA-0520,Operations Analyst,Mid (50-500),Government,Edmonton,Alberta,Remote,Senior Level (5+ yrs),72000,SQL; Excel; Python; Power BI; Tableau; SQL Server,Bachelors Preferred,2024-06-25,Company Website
CA-0521,Business Intelligence Analyst,Mid (50-500),Retail & E-Commerce,Vancouver,British Columbia,Hybrid,Senior Level (5+ yrs),86000,SQL; Excel; Python; Azure; R; Git; Looker; DAX; Power Query,Bachelors Required,2024-04-13,LinkedIn
CA-0522,Business Intelligence Analyst,Large (500+),Technology,Edmonton,Alberta,On-site,Mid Level (2-5 yrs),77000,SQL; Excel; Python; Power BI; SQL Server; Git,Not Specified,2024-01-15,Company Website
CA-0523,Operations Analyst,Mid (50-500),Financial Services,Waterloo,Ontario,Hybrid,Senior Level (5+ yrs),75000,SQL; Excel; SQL Server; Git; DAX; Power Query,Bachelors Required,2025-02-04,LinkedIn
CA-0524,Financial Data Analyst,Large (500+),Retail & E-Commerce,Victoria,British Columbia,On-site,Senior Level (5+ yrs),74000,SQL; Excel; Python; R; Spark; Snowflake,Bachelors Required,2023-12-26,Indeed
CA-0525,Junior Data Analyst,Large (500+),Technology,Vancouver,British Columbia,Remote,Mid Level (2-5 yrs),64000,SQL; Excel; Python; Power BI,Bachelors Required,2024-12-13,LinkedIn
CA-0526,Senior Data Analyst,Large (500+),Financial Services,Toronto,Ontario,On-site,Mid Level (2-5 yrs),,SQL; Python; Power BI; Tableau; Jira; Snowflake,Bachelors Required,2024-08-23,LinkedIn
CA-0527,Business Analyst,Mid (50-500),Financial Services,Toronto,Ontario,Hybrid,Entry Level (0-2 yrs),,SQL; Excel; Power BI; Tableau; SQL Server; Azure; R,Bachelors Preferred,2023-10-27,LinkedIn
CA-0528,Operations Analyst,Mid (50-500),Government,Montreal,Quebec,Remote,Senior Level (5+ yrs),68000,SQL; Python; Power BI,Bachelors Preferred,2025-02-12,Glassdoor
CA-0529,Data Analyst,Small (<50),Financial Services,Regina,Saskatchewan,Remote,Senior Level (5+ yrs),76000,SQL; Excel; Python; Power BI; SQL Server,Bachelors Required,2023-11-27,Job Bank
CA-0530,Junior Data Analyst,Mid (50-500),Healthcare,Vancouver,British Columbia,On-site,Entry Level (0-2 yrs),75000,SQL; Python; Jira; DAX,Bachelors Preferred,2023-11-20,LinkedIn
CA-0531,Senior Data Analyst,Mid (50-500),Consulting,Calgary,Alberta,Hybrid,Entry Level (0-2 yrs),93000,SQL; Excel; Power BI; Azure; R; Looker; Power Query,Bachelors Required,2023-12-31,LinkedIn
CA-0532,Business Intelligence Analyst,Mid (50-500),Healthcare,Vancouver,British Columbia,Remote,Entry Level (0-2 yrs),102000,SQL; Excel; Python; Power BI; Tableau; SQL Server,Masters Preferred,2024-08-05,Indeed
CA-0533,Junior Data Analyst,Large (500+),Financial Services,Waterloo,Ontario,On-site,Entry Level (0-2 yrs),57000,SQL; Excel; Python; SQL Server,Bachelors Required,2025-01-30,LinkedIn
CA-0534,Business Analyst,Small (<50),Energy,Mississauga,Ontario,Hybrid,Entry Level (0-2 yrs),85000,SQL; Python; Power BI; SQL Server; Git,Masters Preferred,2024-05-25,Glassdoor
CA-0535,Marketing Data Analyst,Large (500+),Consulting,Montreal,Quebec,Hybrid,Entry Level (0-2 yrs),59000,SQL; Python; Tableau; DAX,Bachelors Preferred,2024-11-23,LinkedIn
CA-0536,Marketing Data Analyst,Small (<50),Manufacturing,Edmonton,Alberta,Remote,Senior Level (5+ yrs),,SQL; SQL Server; DAX; Power Query,Not Specified,2024-03-31,Job Bank
CA-0537,HR Data Analyst,Large (500+),Technology,Vancouver,British Columbia,Hybrid,Entry Level (0-2 yrs),73000,SQL; Excel; Python; SQL Server; Azure; Power Query,Not Specified,2025-03-30,LinkedIn
CA-0538,Junior Data Analyst,Large (500+),Telecommunications,Toronto,Ontario,On-site,Mid Level (2-5 yrs),,SQL; Excel; Python; Power BI; R; Jira; Git; Spark; DAX,Bachelors Required,2024-02-28,Indeed
CA-0539,Business Analyst,Large (500+),Technology,Vancouver,British Columbia,Hybrid,Entry Level (0-2 yrs),,SQL; Excel; Python; Power BI; Tableau; SQL Server; Jira,Bachelors Preferred,2024-05-07,Indeed
CA-0540,Operations Analyst,Large (500+),Energy,Toronto,Ontario,Hybrid,Senior Level (5+ yrs),81000,SQL; Tableau; Jira; DAX,Not Specified,2024-01-07,Glassdoor
CA-0541,Business Intelligence Analyst,Large (500+),Technology,Mississauga,Ontario,On-site,Entry Level (0-2 yrs),76000,SQL; Excel; Python; Tableau; SQL Server; Jira; Looker,Not Specified,2024-06-02,LinkedIn
CA-0542,Data Analyst,Mid (50-500),Financial Services,Ottawa,Ontario,On-site,Senior Level (5+ yrs),,SQL; Excel; Power BI; Azure; Git; Looker; DAX,Bachelors Required,2024-08-01,Indeed
CA-0543,Senior Data Analyst,Large (500+),Government,Toronto,Ontario,On-site,Senior Level (5+ yrs),117000,SQL; Excel; Python; SQL Server; R; Jira,Bachelors Required,2025-03-13,LinkedIn
CA-0544,Data Analyst,Mid (50-500),Consulting,Waterloo,Ontario,On-site,Senior Level (5+ yrs),65000,SQL; Python; Power BI; SQL Server,Not Specified,2024-10-10,Indeed
CA-0545,Business Intelligence Analyst,Mid (50-500),Financial Services,Edmonton,Alberta,On-site,Mid Level (2-5 yrs),91000,SQL; Excel; Power BI; Tableau,Bachelors Required,2024-01-19,LinkedIn
CA-0546,Data Analyst,Mid (50-500),Financial Services,Edmonton,Alberta,Hybrid,Mid Level (2-5 yrs),,SQL; Excel; Python; SQL Server,Not Specified,2025-01-23,Indeed
CA-0547,Data Analyst,Mid (50-500),Technology,Calgary,Alberta,On-site,Mid Level (2-5 yrs),87000,SQL; Excel; Python; Power BI; Tableau; Databricks,Not Specified,2024-06-24,Indeed
CA-0548,Junior Data Analyst,Small (<50),Consulting,Toronto,Ontario,Hybrid,Senior Level (5+ yrs),76000,SQL; Excel; Python; Power BI; SQL Server; Power Query; Snowflake,Bachelors Required,2024-06-13,Indeed
CA-0549,Senior Data Analyst,Mid (50-500),Healthcare,Vancouver,British Columbia,On-site,Mid Level (2-5 yrs),119000,SQL; Excel; Power BI; R; Jira,Bachelors Required,2025-03-24,Indeed
CA-0550,Marketing Data Analyst,Small (<50),Technology,Toronto,Ontario,Hybrid,Entry Level (0-2 yrs),70000,SQL; Excel; Power BI; Tableau; R; Jira; Spark,Bachelors Preferred,2024-02-27,LinkedIn
CA-0551,Data Analyst,Mid (50-500),Telecommunications,Ottawa,Ontario,Remote,Mid Level (2-5 yrs),86000,SQL; Python; Tableau; SQL Server,Not Specified,2024-12-12,LinkedIn
CA-0552,Data Analyst,Mid (50-500),Technology,Mississauga,Ontario,On-site,Mid Level (2-5 yrs),,SQL; Python; Power BI; Azure; Looker,Bachelors Preferred,2024-07-31,Company Website
CA-0553,Data Analyst,Mid (50-500),Technology,Toronto,Ontario,Hybrid,Mid Level (2-5 yrs),82000,SQL; Tableau; SQL Server; R,Masters Preferred,2024-10-04,Glassdoor
CA-0554,Data Analyst,Mid (50-500),Government,Montreal,Quebec,Remote,Entry Level (0-2 yrs),80000,SQL; Excel; SQL Server; Azure,Bachelors Preferred,2024-12-13,LinkedIn
CA-0555,Data Analyst,Large (500+),Financial Services,Vancouver,British Columbia,Hybrid,Entry Level (0-2 yrs),69000,SQL; Excel; Python; Azure,Bachelors Required,2024-03-07,Company Website
CA-0556,Data Analyst,Small (<50),Retail & E-Commerce,Calgary,Alberta,Hybrid,Mid Level (2-5 yrs),,SQL; Excel; SQL Server; Azure,Masters Preferred,2024-04-16,LinkedIn
CA-0557,Business Analyst,Small (<50),Financial Services,Ottawa,Ontario,Remote,Senior Level (5+ yrs),64000,SQL; Excel; Python; Power BI; Tableau,Bachelors Required,2024-02-03,LinkedIn
CA-0558,Business Intelligence Analyst,Small (<50),Technology,Ottawa,Ontario,Hybrid,Entry Level (0-2 yrs),78000,SQL; Python; SQL Server; Azure; Git; Looker,Bachelors Preferred,2024-01-13,LinkedIn
CA-0559,Junior Data Analyst,Large (500+),Financial Services,Montreal,Quebec,Hybrid,Senior Level (5+ yrs),67000,SQL; Excel; Python; Power BI; Tableau; Jira,Bachelors Preferred,2024-06-17,LinkedIn
CA-0560,Financial Data Analyst,Large (500+),Financial Services,Winnipeg,Manitoba,On-site,Entry Level (0-2 yrs),78000,SQL; Python; Power Query; Snowflake,Bachelors Preferred,2024-11-10,Indeed
CA-0561,Data Analyst,Large (500+),Technology,Calgary,Alberta,Remote,Mid Level (2-5 yrs),73000,SQL; Excel; Tableau; SQL Server; Jira,Bachelors Preferred,2024-02-20,LinkedIn
CA-0562,Data Analyst II,Small (<50),Government,Winnipeg,Manitoba,Hybrid,Mid Level (2-5 yrs),,SQL; Excel; Python; Power BI; R; Power Query,Bachelors Required,2024-04-11,Indeed
CA-0563,Business Intelligence Analyst,Small (<50),Technology,Vancouver,British Columbia,Hybrid,Entry Level (0-2 yrs),91000,SQL; Excel; Python; SQL Server; Power Query,Bachelors Preferred,2025-01-28,Company Website
CA-0564,Data Analyst II,Large (500+),Financial Services,Vancouver,British Columbia,Remote,Mid Level (2-5 yrs),90000,SQL; Excel; Python; Tableau; SQL Server,Masters Preferred,2024-08-03,LinkedIn
CA-0565,Junior Data Analyst,Large (500+),Financial Services,Calgary,Alberta,Hybrid,Senior Level (5+ yrs),65000,SQL; Excel; Python; SQL Server,Masters Preferred,2024-12-29,LinkedIn
CA-0566,Senior Data Analyst,Small (<50),Consulting,Vancouver,British Columbia,Remote,Entry Level (0-2 yrs),117000,SQL; Excel; Python; Power BI; Tableau; SQL Server,Bachelors Preferred,2024-01-14,Indeed
CA-0567,Junior Data Analyst,Large (500+),Healthcare,Halifax,Nova Scotia,Hybrid,Entry Level (0-2 yrs),53000,SQL; Excel; Python; Power BI; Tableau; Jira; Power Query,Bachelors Required,2024-06-11,Indeed
CA-0568,Data Analyst II,Large (500+),Telecommunications,Montreal,Quebec,Remote,Mid Level (2-5 yrs),85000,SQL; Power BI; Tableau; SQL Server; Jira; Git; Databricks,Bachelors Required,2025-02-17,Indeed
CA-0569,Junior Data Analyst,Large (500+),Healthcare,Edmonton,Alberta,On-site,Entry Level (0-2 yrs),61000,SQL; Excel; Python; Power BI; Tableau; Jira,Bachelors Required,2024-02-14,Indeed
CA-0570,HR Data Analyst,Mid (50-500),Financial Services,Waterloo,Ontario,Remote,Mid Level (2-5 yrs),,SQL; Tableau; SQL Server; Azure; Jira,Bachelors Preferred,2024-12-28,Indeed
CA-0571,Data Analyst,Large (500+),Technology,Toronto,Ontario,On-site,Entry Level (0-2 yrs),83000,SQL; Tableau; R; Power Query,Not Specified,2024-09-20,LinkedIn
CA-0572,Senior Data Analyst,Small (<50),Telecommunications,Vancouver,British Columbia,Remote,Entry Level (0-2 yrs),95000,SQL; Excel; Python; Power BI; R; DAX; Power Query,Bachelors Preferred,2024-05-10,Company Website
CA-0573,Data Analyst,Mid (50-500),Consulting,Saskatoon,Saskatchewan,On-site,Senior Level (5+ yrs),65000,SQL; Excel; Python; Power BI; Power Query,Bachelors Required,2024-01-04,LinkedIn
CA-0574,Business Intelligence Analyst,Mid (50-500),Government,Edmonton,Alberta,Hybrid,Entry Level (0-2 yrs),,SQL; Excel; SQL Server; Jira; DAX,Bachelors Required,2024-12-05,LinkedIn
CA-0575,Data Analyst II,Mid (50-500),Consulting,Toronto,Ontario,On-site,Senior Level (5+ yrs),93000,Excel; Power BI; Tableau; SQL Server; Azure; R,Bachelors Required,2024-03-16,Glassdoor
CA-0576,Junior Data Analyst,Small (<50),Telecommunications,Calgary,Alberta,Hybrid,Mid Level (2-5 yrs),61000,SQL; Excel; Python; Power BI; Tableau; Databricks,Bachelors Preferred,2023-12-25,Job Bank
CA-0577,Data Analyst,Large (500+),Energy,Toronto,Ontario,Hybrid,Senior Level (5+ yrs),87000,SQL; Excel; Python; Power BI; Tableau; R; Spark,Not Specified,2023-12-24,LinkedIn
CA-0578,Data Analyst,Small (<50),Technology,Toronto,Ontario,Hybrid,Mid Level (2-5 yrs),,SQL; Python; Tableau; Azure,Bachelors Required,2023-10-21,Indeed
CA-0579,Data Analyst,Large (500+),Technology,Vancouver,British Columbia,Remote,Senior Level (5+ yrs),,Python; Tableau; Jira; DAX; Power Query,Bachelors Required,2024-05-14,LinkedIn
CA-0580,Business Intelligence Analyst,Mid (50-500),Technology,Calgary,Alberta,Hybrid,Mid Level (2-5 yrs),101000,Excel; Power BI; SQL Server; Looker; Databricks,Bachelors Required,2023-10-03,LinkedIn
CA-0581,Junior Data Analyst,Large (500+),Healthcare,Toronto,Ontario,Remote,Senior Level (5+ yrs),69000,Excel; Tableau; DAX,Not Specified,2025-03-22,Job Bank
CA-0582,Data Analyst,Large (500+),Technology,Victoria,British Columbia,Hybrid,Mid Level (2-5 yrs),78000,SQL; Python; Power BI; R; Git; Spark; Power Query,Masters Preferred,2024-02-14,LinkedIn
CA-0583,Data Analyst,Mid (50-500),Government,Toronto,Ontario,Hybrid,Senior Level (5+ yrs),79000,SQL; Excel; Power BI; SQL Server; R; Jira; Git; Databricks,Bachelors Required,2024-09-01,LinkedIn
CA-0584,Financial Data Analyst,Large (500+),Manufacturing,Toronto,Ontario,Hybrid,Mid Level (2-5 yrs),92000,SQL; Excel; Power BI; Tableau; SQL Server,Bachelors Required,2025-03-21,Company Website
CA-0585,Data Analyst II,Mid (50-500),Technology,Mississauga,Ontario,Remote,Entry Level (0-2 yrs),77000,SQL; Excel; Python; Power BI; Jira,Not Specified,2023-10-25,Company Website
CA-0586,Data Analyst,Mid (50-500),Government,Toronto,Ontario,Hybrid,Mid Level (2-5 yrs),91000,SQL; Excel; Tableau; Jira,Bachelors Required,2023-11-20,Company Website
CA-0587,Data Analyst,Small (<50),Manufacturing,Toronto,Ontario,Remote,Senior Level (5+ yrs),75000,SQL; Excel; Tableau; SQL Server; Git,Bachelors Required,2023-12-22,LinkedIn
CA-0588,Data Analyst II,Small (<50),Government,Mississauga,Ontario,Remote,Mid Level (2-5 yrs),,SQL; Jira; Git,Not Specified,2024-11-08,LinkedIn
CA-0589,Junior Data Analyst,Mid (50-500),Manufacturing,Mississauga,Ontario,Remote,Mid Level (2-5 yrs),68000,SQL; Excel; Python; Power BI; Tableau; Jira; DAX,Bachelors Preferred,2024-03-26,Indeed
CA-0590,Data Analyst,Mid (50-500),Retail & E-Commerce,Calgary,Alberta,Hybrid,Mid Level (2-5 yrs),84000,SQL; Python; Power BI; Tableau; DAX,Not Specified,2024-07-08,Indeed
CA-0591,Data Analyst,Mid (50-500),Technology,Edmonton,Alberta,Remote,Entry Level (0-2 yrs),76000,Excel; Python; Snowflake,Bachelors Required,2024-06-05,LinkedIn
CA-0592,Senior Data Analyst,Mid (50-500),Technology,Montreal,Quebec,Remote,Entry Level (0-2 yrs),91000,Excel; Python; Power BI; SQL Server,Bachelors Preferred,2024-10-28,LinkedIn
CA-0593,Junior Data Analyst,Mid (50-500),Technology,Waterloo,Ontario,Hybrid,Mid Level (2-5 yrs),60000,SQL; Python; Power BI; Azure; DAX,Masters Preferred,2024-04-15,Indeed
CA-0594,HR Data Analyst,Small (<50),Government,Ottawa,Ontario,Hybrid,Mid Level (2-5 yrs),74000,Excel; Power BI; Tableau; SQL Server,Bachelors Required,2024-06-05,Glassdoor
CA-0595,HR Data Analyst,Large (500+),Financial Services,Calgary,Alberta,Hybrid,Entry Level (0-2 yrs),73000,SQL; Excel; Power BI; Tableau; SQL Server; Looker,Bachelors Preferred,2024-06-25,Indeed
CA-0596,Junior Data Analyst,Small (<50),Government,Ottawa,Ontario,Remote,Entry Level (0-2 yrs),67000,SQL; Excel; Power BI; Azure; Jira; DAX,Not Specified,2024-05-25,Glassdoor
CA-0597,Business Intelligence Analyst,Mid (50-500),Technology,Toronto,Ontario,Remote,Mid Level (2-5 yrs),,SQL; Excel; Python; Power BI; Tableau; Azure,Bachelors Preferred,2023-10-26,Glassdoor
CA-0598,Data Analyst,Large (500+),Financial Services,Saskatoon,Saskatchewan,Hybrid,Entry Level (0-2 yrs),72000,SQL; Excel; Power BI; Tableau; Git,Not Specified,2023-11-27,LinkedIn
CA-0599,Senior Data Analyst,Large (500+),Technology,Toronto,Ontario,On-site,Entry Level (0-2 yrs),122000,SQL; Excel; Python; R; Jira; Looker,Bachelors Required,2024-04-19,LinkedIn
CA-0600,Data Analyst,Small (<50),Financial Services,Toronto,Ontario,Remote,Mid Level (2-5 yrs),75000,SQL; Excel; Python; Power BI; Tableau; Jira; Power Query,Bachelors Required,2024-09-29,Indeed
CA-0601,Senior Data Analyst,Large (500+),Government,Regina,Saskatchewan,Remote,Entry Level (0-2 yrs),90000,SQL; Excel; Power BI; Tableau; R,Not Specified,2024-03-05,Glassdoor
CA-0602,Data Analyst II,Large (500+),Energy,Waterloo,Ontario,On-site,Entry Level (0-2 yrs),81000,Excel; Power BI; Tableau; SQL Server; DAX; Power Query,Bachelors Required,2025-03-22,Glassdoor
CA-0603,Marketing Data Analyst,Large (500+),Manufacturing,Toronto,Ontario,On-site,Senior Level (5+ yrs),74000,SQL; Power BI; SQL Server; Looker,Bachelors Preferred,2024-04-05,Company Website
CA-0604,Data Analyst,Small (<50),Consulting,Toronto,Ontario,On-site,Entry Level (0-2 yrs),73000,SQL; Excel; Power BI; Power Query,Bachelors Required,2023-12-28,LinkedIn
CA-0605,Junior Data Analyst,Small (<50),Technology,Edmonton,Alberta,Hybrid,Senior Level (5+ yrs),,SQL; Tableau; Jira; DAX,Bachelors Required,2024-06-09,Glassdoor
CA-0606,Senior Data Analyst,Small (<50),Technology,Ottawa,Ontario,Hybrid,Mid Level (2-5 yrs),,SQL; Power BI; SQL Server; R,Not Specified,2023-10-05,LinkedIn
CA-0607,Operations Analyst,Large (500+),Technology,Ottawa,Ontario,On-site,Entry Level (0-2 yrs),80000,SQL; Python; Power BI; Jira; Databricks,Bachelors Preferred,2025-01-08,Job Bank
CA-0608,Business Intelligence Analyst,Mid (50-500),Government,Halifax,Nova Scotia,Hybrid,Entry Level (0-2 yrs),,SQL; Python; Power BI; Tableau,Bachelors Required,2023-10-24,Indeed
CA-0609,Data Analyst,Large (500+),Government,Toronto,Ontario,On-site,Senior Level (5+ yrs),71000,SQL; Excel; SQL Server; R,Bachelors Required,2025-03-17,LinkedIn
CA-0610,Senior Data Analyst,Small (<50),Technology,Calgary,Alberta,Hybrid,Mid Level (2-5 yrs),106000,SQL; Excel; Python; Tableau; Azure; Git,Not Specified,2024-10-03,Glassdoor
CA-0611,Junior Data Analyst,Small (<50),Retail & E-Commerce,Calgary,Alberta,On-site,Senior Level (5+ yrs),65000,SQL; Excel; Python; Snowflake,Bachelors Preferred,2024-12-17,LinkedIn
CA-0612,Data Analyst,Large (500+),Financial Services,Waterloo,Ontario,Remote,Senior Level (5+ yrs),72000,SQL; Excel; Tableau; Azure; R; Jira; Looker; DAX,Bachelors Preferred,2024-07-26,LinkedIn
CA-0613,Data Analyst,Small (<50),Technology,Ottawa,Ontario,Remote,Mid Level (2-5 yrs),72000,SQL; Excel; Python; Power BI; Tableau; Azure; Jira; Git,Bachelors Required,2024-07-08,LinkedIn
CA-0614,HR Data Analyst,Large (500+),Technology,Toronto,Ontario,Hybrid,Mid Level (2-5 yrs),77000,SQL; Excel; Python; SQL Server,Bachelors Preferred,2023-12-07,Job Bank
CA-0615,Data Analyst,Mid (50-500),Healthcare,Toronto,Ontario,Remote,Mid Level (2-5 yrs),87000,SQL; Power BI; Tableau; Jira; Git,Bachelors Required,2024-02-02,Indeed
CA-0616,Junior Data Analyst,Small (<50),Energy,Vancouver,British Columbia,On-site,Mid Level (2-5 yrs),59000,SQL; Excel; Python; Power BI,Bachelors Preferred,2024-08-15,LinkedIn
CA-0617,Data Analyst,Mid (50-500),Technology,Calgary,Alberta,Remote,Mid Level (2-5 yrs),,SQL; Excel; Azure; Git; Power Query,Bachelors Required,2024-10-23,Company Website
CA-0618,Business Intelligence Analyst,Large (500+),Technology,Vancouver,British Columbia,Hybrid,Entry Level (0-2 yrs),,SQL; Python; Power BI; SQL Server; Azure; R; Power Query,Bachelors Required,2024-10-08,LinkedIn
CA-0619,Junior Data Analyst,Small (<50),Government,Montreal,Quebec,Hybrid,Senior Level (5+ yrs),58000,SQL; Excel; Python; Power BI; Tableau; Azure; R; Spark,Not Specified,2024-09-12,LinkedIn
CA-0620,Business Analyst,Large (500+),Manufacturing,Montreal,Quebec,Hybrid,Senior Level (5+ yrs),69000,SQL; Excel; Python; Power BI; Tableau; Jira; Git; Looker,Bachelors Required,2024-12-21,Indeed
CA-0621,Operations Analyst,Mid (50-500),Financial Services,Vancouver,British Columbia,On-site,Mid Level (2-5 yrs),77000,SQL; Excel; Python; Power BI; Tableau,Bachelors Required,2023-12-03,LinkedIn
CA-0622,Financial Data Analyst,Small (<50),Government,Edmonton,Alberta,Hybrid,Senior Level (5+ yrs),88000,SQL; Excel; Python; Power BI; R; DAX,Bachelors Preferred,2024-11-24,Job Bank
CA-0623,Data Analyst,Mid (50-500),Financial Services,Toronto,Ontario,Remote,Mid Level (2-5 yrs),80000,SQL; Excel; Python; Power BI; SQL Server; Jira,Bachelors Required,2024-09-19,LinkedIn
CA-0624,Data Analyst II,Small (<50),Consulting,Edmonton,Alberta,Remote,Entry Level (0-2 yrs),,SQL; SQL Server; Power Query,Masters Preferred,2024-07-19,Indeed
CA-0625,Senior Data Analyst,Small (<50),Energy,Mississauga,Ontario,Hybrid,Senior Level (5+ yrs),113000,SQL; Excel; Python; Power BI; Git; Power Query,Bachelors Preferred,2024-12-02,Indeed
CA-0626,Data Analyst,Large (500+),Retail & E-Commerce,Toronto,Ontario,Remote,Mid Level (2-5 yrs),89000,SQL; Excel; Python; Tableau; Azure,Bachelors Preferred,2023-12-10,LinkedIn
CA-0627,Data Analyst,Mid (50-500),Retail & E-Commerce,Vancouver,British Columbia,Hybrid,Senior Level (5+ yrs),82000,SQL; Excel; Power BI; Tableau,Not Specified,2023-12-13,LinkedIn
CA-0628,Marketing Data Analyst,Small (<50),Financial Services,Vancouver,British Columbia,Hybrid,Senior Level (5+ yrs),67000,SQL; Excel; Power BI; Tableau; R; Spark,Bachelors Preferred,2025-01-04,Indeed
CA-0629,Senior Data Analyst,Mid (50-500),Energy,Calgary,Alberta,Remote,Senior Level (5+ yrs),118000,SQL; Excel; Python; Power BI,Bachelors Required,2024-01-06,LinkedIn
CA-0630,Data Analyst II,Small (<50),Government,Toronto,Ontario,Hybrid,Mid Level (2-5 yrs),94000,SQL; Python; Power BI; Tableau; SQL Server; R; Power Query,Bachelors Preferred,2024-04-23,LinkedIn
CA-0631,Junior Data Analyst,Large (500+),Technology,Toronto,Ontario,Remote,Mid Level (2-5 yrs),62000,SQL; Excel; Python; Tableau,Bachelors Preferred,2023-10-17,Glassdoor
CA-0632,Data Analyst,Large (500+),Technology,Ottawa,Ontario,Hybrid,Entry Level (0-2 yrs),70000,SQL; Excel; Python; R; Jira; Git,Bachelors Preferred,2023-12-24,LinkedIn
CA-0633,Data Analyst,Small (<50),Financial Services,Calgary,Alberta,Hybrid,Mid Level (2-5 yrs),75000,SQL; Excel; Python; Power BI; Tableau; Git; Power Query,Bachelors Preferred,2024-02-18,Company Website
CA-0634,Business Analyst,Mid (50-500),Energy,Vancouver,British Columbia,Remote,Entry Level (0-2 yrs),69000,SQL; Excel; Python; SQL Server,Bachelors Required,2025-01-23,Indeed
CA-0635,Senior Data Analyst,Small (<50),Government,Montreal,Quebec,Hybrid,Mid Level (2-5 yrs),,SQL; Excel; Python,Bachelors Required,2024-03-17,Job Bank
CA-0636,Data Analyst,Small (<50),Financial Services,Toronto,Ontario,Remote,Mid Level (2-5 yrs),,SQL; Excel; Tableau; DAX,Bachelors Required,2025-01-14,Company Website
CA-0637,Business Intelligence Analyst,Mid (50-500),Technology,Vancouver,British Columbia,Hybrid,Mid Level (2-5 yrs),92000,SQL; Excel; Power BI; Tableau; SQL Server; Jira,Bachelors Preferred,2023-10-25,Indeed
CA-0638,Senior Data Analyst,Large (500+),Financial Services,Ottawa,Ontario,Hybrid,Mid Level (2-5 yrs),110000,SQL; Excel; Python; SQL Server; Jira,Bachelors Preferred,2023-12-02,LinkedIn
CA-0639,Data Analyst,Small (<50),Financial Services,Ottawa,Ontario,Hybrid,Entry Level (0-2 yrs),76000,SQL; Excel; Python,Not Specified,2024-02-03,LinkedIn
CA-0640,Marketing Data Analyst,Small (<50),Government,Vancouver,British Columbia,On-site,Mid Level (2-5 yrs),,SQL; Excel; Power BI; Tableau; R; Git,Bachelors Required,2023-12-15,Indeed
CA-0641,Data Analyst,Large (500+),Government,Waterloo,Ontario,Remote,Mid Level (2-5 yrs),67000,SQL; Excel; Tableau; Azure; R; DAX,Bachelors Required,2024-10-17,LinkedIn
CA-0642,Marketing Data Analyst,Large (500+),Energy,Montreal,Quebec,Remote,Senior Level (5+ yrs),67000,SQL; Excel; Tableau; Azure; R; Jira; Git; DAX,Bachelors Required,2024-06-19,LinkedIn
CA-0643,Business Analyst,Mid (50-500),Healthcare,Mississauga,Ontario,Remote,Entry Level (0-2 yrs),65000,SQL; Excel; Python; Power BI; Tableau; R,Bachelors Required,2025-01-22,LinkedIn
CA-0644,Data Analyst,Large (500+),Consulting,Toronto,Ontario,Remote,Mid Level (2-5 yrs),89000,SQL; Excel; Python; Power BI,Masters Preferred,2023-11-08,Glassdoor
CA-0645,Data Analyst,Mid (50-500),Healthcare,Vancouver,British Columbia,On-site,Entry Level (0-2 yrs),,SQL; Excel; Python; SQL Server; Jira; Power Query,Bachelors Required,2024-01-20,Company Website
CA-0646,Junior Data Analyst,Large (500+),Financial Services,Vancouver,British Columbia,Remote,Mid Level (2-5 yrs),,SQL; Excel; Power BI; Tableau; SQL Server,Not Specified,2023-10-05,Indeed
CA-0647,Senior Data Analyst,Small (<50),Financial Services,Toronto,Ontario,Hybrid,Entry Level (0-2 yrs),118000,SQL; Excel; Power BI; Tableau; Power Query,Masters Preferred,2024-05-29,Indeed
CA-0648,Senior Data Analyst,Mid (50-500),Telecommunications,Montreal,Quebec,On-site,Mid Level (2-5 yrs),,SQL; Excel; Azure; R; DAX; Snowflake,Not Specified,2024-03-26,Company Website
CA-0649,Data Analyst,Small (<50),Technology,Vancouver,British Columbia,Hybrid,Mid Level (2-5 yrs),72000,SQL; Excel; Python; Power BI; Azure; Jira; Git; DAX,Not Specified,2025-03-11,Indeed
CA-0650,Business Analyst,Mid (50-500),Financial Services,Calgary,Alberta,Hybrid,Mid Level (2-5 yrs),76000,SQL; Excel; Tableau; SQL Server; Git,Bachelors Required,2025-02-05,Job Bank
CA-0651,Senior Data Analyst,Mid (50-500),Energy,Edmonton,Alberta,On-site,Mid Level (2-5 yrs),100000,Excel; Python; Tableau; Azure; R; Power Query,Masters Preferred,2024-09-30,LinkedIn
CA-0652,Marketing Data Analyst,Mid (50-500),Financial Services,Montreal,Quebec,Hybrid,Mid Level (2-5 yrs),75000,SQL; Excel; Python; Power BI; Git,Masters Preferred,2024-07-16,LinkedIn
CA-0653,Business Intelligence Analyst,Mid (50-500),Consulting,Vancouver,British Columbia,Hybrid,Senior Level (5+ yrs),95000,SQL; Excel; Power BI; SQL Server; Snowflake,Masters Preferred,2023-12-14,LinkedIn
CA-0654,Senior Data Analyst,Small (<50),Government,Toronto,Ontario,Hybrid,Mid Level (2-5 yrs),,SQL; Excel; Python; Power BI; SQL Server,Not Specified,2024-01-17,Job Bank
CA-0655,Business Intelligence Analyst,Large (500+),Technology,Toronto,Ontario,Hybrid,Senior Level (5+ yrs),78000,SQL; Python; SQL Server,Bachelors Required,2023-12-09,Company Website
CA-0656,Junior Data Analyst,Small (<50),Telecommunications,Toronto,Ontario,Remote,Senior Level (5+ yrs),64000,SQL; Git; Power Query,Bachelors Preferred,2024-10-16,Job Bank
CA-0657,Data Analyst,Mid (50-500),Retail & E-Commerce,Montreal,Quebec,Hybrid,Senior Level (5+ yrs),63000,Power BI; Tableau; Jira,Bachelors Required,2025-03-26,Glassdoor
CA-0658,Data Analyst,Large (500+),Technology,Vancouver,British Columbia,Hybrid,Mid Level (2-5 yrs),,SQL; Python; Tableau; Power Query,Bachelors Required,2024-07-08,LinkedIn
CA-0659,Data Analyst,Small (<50),Retail & E-Commerce,Vancouver,British Columbia,Hybrid,Senior Level (5+ yrs),,SQL; Excel; Python; Power BI; Azure,Not Specified,2024-03-25,LinkedIn
CA-0660,Junior Data Analyst,Small (<50),Financial Services,Montreal,Quebec,Hybrid,Entry Level (0-2 yrs),67000,SQL; Excel; Python; R; Git; Databricks,Not Specified,2024-11-22,Indeed
CA-0661,Junior Data Analyst,Large (500+),Technology,Ottawa,Ontario,Hybrid,Mid Level (2-5 yrs),68000,SQL; Excel; Python; Tableau; Git,Bachelors Preferred,2024-08-12,Indeed
CA-0662,Data Analyst,Large (500+),Technology,Toronto,Ontario,On-site,Senior Level (5+ yrs),73000,Excel; SQL Server; R; Jira; Spark,Not Specified,2025-01-19,Glassdoor
CA-0663,Data Analyst,Mid (50-500),Retail & E-Commerce,Ottawa,Ontario,Hybrid,Senior Level (5+ yrs),67000,SQL; Python; Power BI; Tableau; SQL Server; R; Jira; DAX,Bachelors Preferred,2024-07-05,Job Bank
CA-0664,Business Intelligence Analyst,Small (<50),Telecommunications,Montreal,Quebec,Hybrid,Mid Level (2-5 yrs),76000,SQL; Excel; Power BI; SQL Server; Azure; Snowflake,Bachelors Required,2024-06-02,LinkedIn
CA-0665,Business Intelligence Analyst,Mid (50-500),Consulting,Vancouver,British Columbia,Remote,Senior Level (5+ yrs),78000,SQL; Excel; Power BI; Tableau,Bachelors Preferred,2024-07-28,Glassdoor
CA-0666,Business Analyst,Mid (50-500),Technology,Toronto,Ontario,On-site,Entry Level (0-2 yrs),87000,SQL; Excel; Python; Power BI; Tableau; Jira; Spark,Not Specified,2023-10-16,Indeed
CA-0667,Senior Data Analyst,Mid (50-500),Financial Services,Vancouver,British Columbia,Hybrid,Entry Level (0-2 yrs),117000,SQL; Excel; Python; SQL Server; Jira,Bachelors Required,2024-12-19,Indeed
CA-0668,Business Intelligence Analyst,Large (500+),Financial Services,Edmonton,Alberta,On-site,Senior Level (5+ yrs),84000,SQL; Excel; Power BI; Jira,Bachelors Preferred,2024-10-20,LinkedIn
CA-0669,Data Analyst II,Mid (50-500),Healthcare,Calgary,Alberta,Hybrid,Senior Level (5+ yrs),75000,SQL; Power BI; Tableau; SQL Server; Looker,Bachelors Required,2024-11-17,Company Website
CA-0670,Data Analyst,Mid (50-500),Healthcare,Mississauga,Ontario,Hybrid,Entry Level (0-2 yrs),81000,SQL; Excel; Power BI; SQL Server; R; Jira,Masters Preferred,2025-03-16,Indeed
CA-0671,Junior Data Analyst,Large (500+),Technology,Toronto,Ontario,On-site,Mid Level (2-5 yrs),64000,SQL; Tableau; SQL Server; Azure,Bachelors Required,2024-02-28,Company Website
CA-0672,HR Data Analyst,Mid (50-500),Financial Services,Toronto,Ontario,Remote,Mid Level (2-5 yrs),82000,Excel; Python; Power BI; Tableau; Git,Bachelors Preferred,2023-10-15,Indeed
CA-0673,Data Analyst,Small (<50),Manufacturing,Ottawa,Ontario,Remote,Mid Level (2-5 yrs),82000,SQL; Python; Tableau; SQL Server; Azure; Jira,Masters Preferred,2025-02-12,LinkedIn
CA-0674,Data Analyst,Small (<50),Government,Ottawa,Ontario,Remote,Senior Level (5+ yrs),,SQL; Excel; Tableau; SQL Server,Masters Preferred,2023-11-11,LinkedIn
CA-0675,Operations Analyst,Large (500+),Healthcare,Montreal,Quebec,Hybrid,Mid Level (2-5 yrs),63000,SQL; Excel; Python; Power BI; Tableau; SQL Server,Bachelors Required,2025-01-23,LinkedIn
CA-0676,Marketing Data Analyst,Small (<50),Manufacturing,Mississauga,Ontario,Hybrid,Entry Level (0-2 yrs),,SQL; Excel; Python; Power BI; Tableau; SQL Server,Bachelors Preferred,2024-10-21,Indeed
CA-0677,Data Analyst,Large (500+),Government,Edmonton,Alberta,Hybrid,Entry Level (0-2 yrs),73000,SQL; Python; Power BI; Jira; Git,Bachelors Preferred,2024-07-09,Job Bank
CA-0678,Business Intelligence Analyst,Mid (50-500),Consulting,Calgary,Alberta,Hybrid,Mid Level (2-5 yrs),95000,SQL; Excel; Power Query,Bachelors Preferred,2024-01-05,LinkedIn
CA-0679,Data Analyst,Large (500+),Healthcare,Toronto,Ontario,Hybrid,Mid Level (2-5 yrs),74000,SQL; Excel; Power BI; SQL Server; Azure; R; Jira,Bachelors Required,2024-09-28,Company Website
CA-0680,Data Analyst,Large (500+),Consulting,Vancouver,British Columbia,On-site,Mid Level (2-5 yrs),77000,SQL; Python; Tableau; SQL Server; DAX; Databricks,Not Specified,2024-06-03,Indeed
CA-0681,Business Intelligence Analyst,Mid (50-500),Healthcare,Saskatoon,Saskatchewan,Hybrid,Entry Level (0-2 yrs),76000,SQL; Excel; Python; Power BI; Tableau,Bachelors Required,2025-03-14,Indeed
CA-0682,HR Data Analyst,Large (500+),Technology,Halifax,Nova Scotia,On-site,Mid Level (2-5 yrs),,SQL; Excel; Azure; Spark; Looker; DAX,Masters Preferred,2025-01-17,LinkedIn
CA-0683,Senior Data Analyst,Mid (50-500),Healthcare,Vancouver,British Columbia,On-site,Mid Level (2-5 yrs),117000,SQL; Excel; Python; SQL Server,Bachelors Preferred,2024-09-29,LinkedIn
CA-0684,Junior Data Analyst,Mid (50-500),Healthcare,Calgary,Alberta,Remote,Entry Level (0-2 yrs),68000,SQL; Excel; Python; Tableau,Not Specified,2024-08-04,Job Bank
CA-0685,Data Analyst,Mid (50-500),Consulting,Ottawa,Ontario,Hybrid,Senior Level (5+ yrs),,SQL; Excel; Tableau; R,Bachelors Required,2025-03-26,LinkedIn
CA-0686,Junior Data Analyst,Mid (50-500),Technology,Calgary,Alberta,Hybrid,Senior Level (5+ yrs),65000,SQL; Python; Azure; Jira,Masters Preferred,2025-03-11,LinkedIn
CA-0687,Senior Data Analyst,Mid (50-500),Consulting,Toronto,Ontario,Hybrid,Senior Level (5+ yrs),120000,SQL; Excel; Python; Power BI; Tableau; Jira; Git,Bachelors Required,2024-11-30,Company Website
CA-0688,Junior Data Analyst,Mid (50-500),Technology,Edmonton,Alberta,Hybrid,Mid Level (2-5 yrs),,SQL; Excel; Tableau; Git; Spark,Bachelors Preferred,2024-02-01,LinkedIn
CA-0689,Data Analyst,Large (500+),Technology,Montreal,Quebec,On-site,Entry Level (0-2 yrs),,SQL; Excel; Python; Power BI; Tableau,Not Specified,2025-03-22,LinkedIn
CA-0690,Financial Data Analyst,Mid (50-500),Financial Services,Toronto,Ontario,On-site,Mid Level (2-5 yrs),98000,SQL; Excel; Python; Power BI; Tableau; Jira,Bachelors Required,2024-09-02,Indeed
CA-0691,Data Analyst,Large (500+),Government,Toronto,Ontario,Hybrid,Entry Level (0-2 yrs),73000,SQL; Excel; Python; SQL Server; Azure; Git,Masters Preferred,2025-01-18,Company Website
CA-0692,Data Analyst II,Mid (50-500),Retail & E-Commerce,Halifax,Nova Scotia,Remote,Senior Level (5+ yrs),77000,SQL; Excel; Python; Power BI; Tableau,Bachelors Required,2024-02-13,Job Bank
CA-0693,Data Analyst,Mid (50-500),Healthcare,Montreal,Quebec,Hybrid,Entry Level (0-2 yrs),78000,SQL; Excel; Python; Tableau; Git; Databricks,Not Specified,2025-01-30,Company Website
CA-0694,HR Data Analyst,Large (500+),Energy,Toronto,Ontario,On-site,Senior Level (5+ yrs),63000,SQL; Excel; Power BI; Tableau; Jira; Git; Spark; Looker,Bachelors Preferred,2024-05-05,LinkedIn
CA-0695,Junior Data Analyst,Small (<50),Financial Services,Vancouver,British Columbia,Remote,Entry Level (0-2 yrs),68000,SQL; Excel; Python; R; Jira,Bachelors Required,2024-03-08,LinkedIn
CA-0696,Business Intelligence Analyst,Mid (50-500),Healthcare,Toronto,Ontario,On-site,Mid Level (2-5 yrs),96000,SQL; Excel; Tableau; Azure; Power Query,Bachelors Required,2024-08-02,LinkedIn
CA-0697,Data Analyst,Mid (50-500),Technology,Vancouver,British Columbia,Hybrid,Mid Level (2-5 yrs),88000,SQL; Excel; SQL Server; Azure; Git,Bachelors Preferred,2024-04-27,Company Website
CA-0698,Business Analyst,Large (500+),Energy,Toronto,Ontario,Remote,Senior Level (5+ yrs),90000,Excel; Power BI; Power Query,Bachelors Preferred,2024-07-29,Indeed
CA-0699,Senior Data Analyst,Large (500+),Manufacturing,Edmonton,Alberta,Hybrid,Entry Level (0-2 yrs),113000,SQL; Excel; Python; Jira; Git; DAX; Power Query,Bachelors Required,2024-10-28,Indeed
CA-0700,Senior Data Analyst,Small (<50),Government,Ottawa,Ontario,Remote,Entry Level (0-2 yrs),99000,SQL; Excel; Python; Tableau; SQL Server; R; Power Query,Not Specified,2024-10-27,LinkedIn
CA-0701,Marketing Data Analyst,Mid (50-500),Technology,Ottawa,Ontario,Hybrid,Mid Level (2-5 yrs),80000,SQL; Excel; Power BI; Tableau,Not Specified,2024-11-23,Company Website
CA-0702,Data Analyst,Large (500+),Consulting,Ottawa,Ontario,On-site,Senior Level (5+ yrs),72000,SQL; Excel; Python; Power BI; Tableau; SQL Server; Azure,Masters Preferred,2024-07-21,LinkedIn
CA-0703,Data Analyst,Mid (50-500),Telecommunications,Toronto,Ontario,On-site,Mid Level (2-5 yrs),71000,SQL; Excel; SQL Server; Azure; R; Jira; DAX; Snowflake,Bachelors Required,2024-05-14,Indeed
CA-0704,Data Analyst,Large (500+),Consulting,Montreal,Quebec,Hybrid,Entry Level (0-2 yrs),75000,SQL; Python; Power BI; SQL Server; R; Git,Bachelors Preferred,2024-12-25,Indeed
CA-0705,Data Analyst,Mid (50-500),Retail & E-Commerce,Montreal,Quebec,Hybrid,Mid Level (2-5 yrs),,SQL; Excel; Python; Tableau; Azure; Git,Not Specified,2024-06-02,Indeed
CA-0706,Business Analyst,Large (500+),Financial Services,Toronto,Ontario,Hybrid,Mid Level (2-5 yrs),85000,SQL; Excel; Tableau; Azure; Spark,Not Specified,2024-07-08,LinkedIn
CA-0707,Senior Data Analyst,Large (500+),Government,Calgary,Alberta,Remote,Senior Level (5+ yrs),,SQL; Excel; Python; Power BI; Tableau; SQL Server; Azure; Git,Bachelors Required,2024-06-01,LinkedIn
CA-0708,Business Intelligence Analyst,Large (500+),Consulting,Toronto,Ontario,Remote,Entry Level (0-2 yrs),86000,SQL; Excel; Python; Tableau; SQL Server,Bachelors Required,2025-02-24,Job Bank
CA-0709,Senior Data Analyst,Mid (50-500),Financial Services,Winnipeg,Manitoba,On-site,Mid Level (2-5 yrs),106000,SQL; Python; Power BI; Tableau; SQL Server,Bachelors Required,2024-08-21,Job Bank
CA-0710,Data Analyst,Small (<50),Consulting,Toronto,Ontario,Hybrid,Mid Level (2-5 yrs),85000,SQL; Python; Git,Bachelors Preferred,2024-04-03,Company Website
CA-0711,Data Analyst,Mid (50-500),Financial Services,Edmonton,Alberta,On-site,Mid Level (2-5 yrs),81000,SQL; Excel; Power BI; Snowflake,Not Specified,2025-02-04,Glassdoor
CA-0712,Senior Data Analyst,Large (500+),Energy,Vancouver,British Columbia,On-site,Entry Level (0-2 yrs),,Excel; Power BI; Tableau; Spark,Bachelors Required,2025-01-01,Indeed
CA-0713,Data Analyst,Mid (50-500),Financial Services,Halifax,Nova Scotia,Remote,Mid Level (2-5 yrs),67000,SQL; Excel; Python; SQL Server; Azure; R; Databricks,Bachelors Preferred,2024-05-13,Glassdoor
CA-0714,Operations Analyst,Large (500+),Telecommunications,Toronto,Ontario,Hybrid,Mid Level (2-5 yrs),69000,SQL; Excel; Python; Power BI; Tableau; SQL Server; Azure,Not Specified,2023-12-10,LinkedIn
CA-0715,Business Analyst,Small (<50),Consulting,Vancouver,British Columbia,Hybrid,Senior Level (5+ yrs),84000,SQL; Excel; Tableau; Jira; Git,Bachelors Preferred,2024-05-01,Indeed
CA-0716,Senior Data Analyst,Large (500+),Technology,Toronto,Ontario,On-site,Entry Level (0-2 yrs),119000,SQL; Excel; Python; Tableau,Bachelors Preferred,2024-03-25,Indeed
CA-0717,Senior Data Analyst,Small (<50),Retail & E-Commerce,Toronto,Ontario,Hybrid,Senior Level (5+ yrs),123000,SQL; Power BI; SQL Server; Git; Spark,Bachelors Preferred,2024-08-02,Indeed
CA-0718,HR Data Analyst,Small (<50),Financial Services,Toronto,Ontario,Hybrid,Senior Level (5+ yrs),71000,SQL; Excel; Python; Tableau; SQL Server,Bachelors Preferred,2025-02-22,LinkedIn
CA-0719,Data Analyst,Small (<50),Technology,Montreal,Quebec,On-site,Entry Level (0-2 yrs),78000,SQL; Excel; Power BI; SQL Server; Jira; Power Query,Bachelors Preferred,2025-03-22,Company Website
CA-0720,Business Intelligence Analyst,Mid (50-500),Technology,Vancouver,British Columbia,Hybrid,Mid Level (2-5 yrs),95000,SQL; Excel; Python; SQL Server; Jira,Bachelors Required,2023-11-26,LinkedIn
CA-0721,Junior Data Analyst,Mid (50-500),Financial Services,Halifax,Nova Scotia,Remote,Entry Level (0-2 yrs),,Excel; Python; Tableau; Azure; R; Jira; Looker; Power Query,Masters Preferred,2024-10-08,Indeed
CA-0722,Junior Data Analyst,Large (500+),Technology,Toronto,Ontario,On-site,Entry Level (0-2 yrs),77000,SQL; Excel; Python; Tableau; Azure; Git,Bachelors Required,2024-01-09,Indeed
CA-0723,Data Analyst,Small (<50),Technology,Toronto,Ontario,On-site,Mid Level (2-5 yrs),74000,SQL; Python; Power BI; R; DAX; Databricks,Bachelors Required,2025-01-22,Indeed
CA-0724,Junior Data Analyst,Large (500+),Technology,Toronto,Ontario,On-site,Mid Level (2-5 yrs),61000,SQL; Excel; Power BI; Tableau; DAX; Snowflake,Masters Preferred,2025-03-02,Job Bank
CA-0725,Senior Data Analyst,Mid (50-500),Healthcare,Montreal,Quebec,Remote,Entry Level (0-2 yrs),101000,SQL; Excel; Python; Power BI; Azure; Git,Not Specified,2024-07-02,LinkedIn
CA-0726,Business Intelligence Analyst,Mid (50-500),Healthcare,Waterloo,Ontario,Hybrid,Mid Level (2-5 yrs),96000,SQL; Tableau; Jira; DAX,Masters Preferred,2025-02-11,LinkedIn
CA-0727,Senior Data Analyst,Mid (50-500),Technology,Toronto,Ontario,Hybrid,Entry Level (0-2 yrs),123000,SQL; Power BI; Azure; R,Bachelors Required,2024-10-19,LinkedIn
CA-0728,Data Analyst,Large (500+),Financial Services,Vancouver,British Columbia,Remote,Mid Level (2-5 yrs),78000,Excel; Python; Azure; Jira; DAX,Not Specified,2023-12-21,Company Website
CA-0729,Financial Data Analyst,Small (<50),Energy,Saskatoon,Saskatchewan,On-site,Mid Level (2-5 yrs),71000,SQL; Azure; R; Jira,Bachelors Required,2024-10-23,LinkedIn
CA-0730,Data Analyst,Large (500+),Government,Ottawa,Ontario,Hybrid,Mid Level (2-5 yrs),78000,SQL; Excel; Python; SQL Server; R,Bachelors Required,2024-01-22,LinkedIn
CA-0731,Data Analyst,Mid (50-500),Energy,Vancouver,British Columbia,Hybrid,Senior Level (5+ yrs),,SQL; Python; Power BI; Tableau; R,Bachelors Required,2023-11-20,Indeed
CA-0732,Data Analyst,Mid (50-500),Technology,Winnipeg,Manitoba,Remote,Mid Level (2-5 yrs),76000,SQL; Excel; Power BI; Tableau; SQL Server; Spark; Looker,Bachelors Required,2024-06-26,Indeed
CA-0733,Data Analyst,Small (<50),Government,Vancouver,British Columbia,Hybrid,Mid Level (2-5 yrs),83000,SQL; Excel; Power BI; Tableau; SQL Server,Bachelors Preferred,2024-12-29,Glassdoor
CA-0734,Data Analyst,Mid (50-500),Government,Edmonton,Alberta,On-site,Mid Level (2-5 yrs),72000,SQL; Excel; Power BI; SQL Server; Spark,Bachelors Preferred,2023-10-24,LinkedIn
CA-0735,Data Analyst,Small (<50),Retail & E-Commerce,Toronto,Ontario,Hybrid,Entry Level (0-2 yrs),,SQL; Power BI; SQL Server; Azure; R; Jira; Git; DAX,Masters Preferred,2024-10-09,LinkedIn
CA-0736,Business Analyst,Small (<50),Technology,Mississauga,Ontario,On-site,Entry Level (0-2 yrs),84000,Excel; Power BI; Azure; Jira; Spark,Bachelors Required,2025-02-21,LinkedIn
CA-0737,Business Intelligence Analyst,Mid (50-500),Healthcare,Vancouver,British Columbia,Remote,Entry Level (0-2 yrs),76000,SQL; Excel; Python; Power BI; Jira; Looker,Not Specified,2024-10-31,Indeed
CA-0738,Data Analyst,Small (<50),Retail & E-Commerce,Vancouver,British Columbia,Hybrid,Entry Level (0-2 yrs),82000,SQL; Excel; Power BI; Tableau,Bachelors Required,2024-08-14,Indeed
CA-0739,Data Analyst,Mid (50-500),Telecommunications,Calgary,Alberta,Remote,Senior Level (5+ yrs),84000,SQL; Power BI; Tableau; Jira; Git,Masters Preferred,2024-01-21,Indeed
CA-0740,Data Analyst II,Large (500+),Financial Services,Vancouver,British Columbia,Hybrid,Entry Level (0-2 yrs),76000,SQL; Excel; SQL Server; Jira; DAX,Bachelors Required,2024-01-17,Company Website
CA-0741,Data Analyst II,Large (500+),Financial Services,Ottawa,Ontario,On-site,Senior Level (5+ yrs),91000,SQL; Excel; Tableau; Git; Databricks,Bachelors Preferred,2025-01-02,LinkedIn
CA-0742,Senior Data Analyst,Small (<50),Financial Services,Toronto,Ontario,Hybrid,Entry Level (0-2 yrs),99000,SQL; Excel; Python; Spark,Bachelors Preferred,2024-03-08,Indeed
CA-0743,Data Analyst,Mid (50-500),Energy,Toronto,Ontario,On-site,Mid Level (2-5 yrs),73000,SQL; Excel; Python; Tableau,Bachelors Preferred,2024-09-09,LinkedIn
CA-0744,Financial Data Analyst,Mid (50-500),Consulting,Mississauga,Ontario,Hybrid,Mid Level (2-5 yrs),86000,Python; Power BI,Bachelors Required,2025-01-02,Indeed
CA-0745,Junior Data Analyst,Large (500+),Consulting,Mississauga,Ontario,On-site,Entry Level (0-2 yrs),70000,SQL; Excel; Python; Power BI; Jira,Not Specified,2024-09-18,Indeed
CA-0746,Junior Data Analyst,Mid (50-500),Technology,Calgary,Alberta,On-site,Senior Level (5+ yrs),64000,SQL; Excel; Power BI,Bachelors Required,2025-02-14,Indeed
CA-0747,Data Analyst,Large (500+),Financial Services,Calgary,Alberta,Hybrid,Senior Level (5+ yrs),79000,SQL; Excel; Power BI; Jira; Git; DAX,Bachelors Required,2024-06-24,LinkedIn
CA-0748,Business Analyst,Large (500+),Technology,Mississauga,Ontario,Hybrid,Senior Level (5+ yrs),77000,SQL; Excel; Power BI; SQL Server; Jira,Bachelors Preferred,2024-10-09,Indeed
CA-0749,Junior Data Analyst,Large (500+),Consulting,Ottawa,Ontario,Remote,Mid Level (2-5 yrs),67000,SQL; Python; Power BI; SQL Server; Azure; R; Snowflake,Bachelors Preferred,2024-10-27,Glassdoor
CA-0750,Data Analyst,Large (500+),Healthcare,Montreal,Quebec,On-site,Entry Level (0-2 yrs),66000,SQL; Excel; SQL Server; Azure; Jira; Looker; Power Query; Snowflake,Not Specified,2024-08-03,Indeed
CA-0751,Data Analyst II,Mid (50-500),Technology,Toronto,Ontario,Hybrid,Mid Level (2-5 yrs),,SQL; Excel; Python; Tableau; SQL Server,Bachelors Required,2024-03-12,Indeed
CA-0752,Data Analyst,Mid (50-500),Manufacturing,Toronto,Ontario,Hybrid,Entry Level (0-2 yrs),86000,Excel; Tableau; SQL Server; Azure; Jira,Bachelors Required,2024-05-17,LinkedIn
CA-0753,Data Analyst,Small (<50),Healthcare,Vancouver,British Columbia,Hybrid,Senior Level (5+ yrs),79000,SQL; Excel; Tableau; Jira; Power Query,Bachelors Preferred,2024-01-16,Indeed
CA-0754,HR Data Analyst,Mid (50-500),Technology,Toronto,Ontario,Hybrid,Entry Level (0-2 yrs),79000,SQL; Excel; Python; SQL Server; Azure,Not Specified,2024-11-20,Glassdoor
CA-0755,Senior Data Analyst,Small (<50),Financial Services,Edmonton,Alberta,Hybrid,Mid Level (2-5 yrs),89000,SQL; Python; Tableau; R; Git; Snowflake,Bachelors Required,2024-09-16,Indeed
CA-0756,Data Analyst,Mid (50-500),Technology,Vancouver,British Columbia,Remote,Mid Level (2-5 yrs),,SQL; Excel; Power BI; Tableau; SQL Server; R,Bachelors Required,2024-10-04,LinkedIn
CA-0757,Senior Data Analyst,Large (500+),Technology,Vancouver,British Columbia,Hybrid,Senior Level (5+ yrs),109000,SQL; Power BI; Tableau; SQL Server; R; Git,Masters Preferred,2023-11-25,LinkedIn
CA-0758,Business Analyst,Mid (50-500),Manufacturing,Vancouver,British Columbia,Hybrid,Entry Level (0-2 yrs),82000,SQL; Excel; Python; Power BI; SQL Server; R; Power Query,Bachelors Required,2024-07-21,Indeed
CA-0759,Business Analyst,Large (500+),Technology,Toronto,Ontario,On-site,Mid Level (2-5 yrs),69000,SQL; Excel; Python; Tableau; SQL Server; Looker,Not Specified,2024-08-18,LinkedIn
CA-0760,Business Analyst,Mid (50-500),Retail & E-Commerce,Vancouver,British Columbia,Hybrid,Entry Level (0-2 yrs),67000,SQL; Excel; Python; Power BI; R; Power Query; Snowflake,Masters Preferred,2025-01-22,Company Website
CA-0761,Marketing Data Analyst,Mid (50-500),Financial Services,Waterloo,Ontario,Hybrid,Mid Level (2-5 yrs),71000,SQL; Excel; Python; Power BI; Tableau; R,Bachelors Required,2024-01-22,LinkedIn
CA-0762,Business Intelligence Analyst,Large (500+),Technology,Montreal,Quebec,Remote,Mid Level (2-5 yrs),83000,Excel; Python; Tableau; R; Spark,Bachelors Required,2024-09-09,LinkedIn
CA-0763,Junior Data Analyst,Small (<50),Technology,Calgary,Alberta,Hybrid,Entry Level (0-2 yrs),69000,SQL; Excel; Python; Power BI; Tableau; SQL Server; R,Bachelors Preferred,2024-08-07,LinkedIn
CA-0764,Business Intelligence Analyst,Mid (50-500),Government,Vancouver,British Columbia,Remote,Mid Level (2-5 yrs),99000,SQL; Excel; Python; Power BI; SQL Server; R; Jira,Bachelors Preferred,2023-10-20,Indeed
CA-0765,Business Analyst,Small (<50),Technology,Toronto,Ontario,Hybrid,Mid Level (2-5 yrs),,SQL; Python; Tableau; Azure; Power Query,Bachelors Required,2024-05-13,LinkedIn
CA-0766,Data Analyst II,Large (500+),Healthcare,Vancouver,British Columbia,Hybrid,Senior Level (5+ yrs),78000,SQL; Excel; Jira; Looker,Masters Preferred,2024-01-20,Glassdoor
CA-0767,Operations Analyst,Mid (50-500),Technology,Montreal,Quebec,Hybrid,Mid Level (2-5 yrs),67000,SQL; Excel; Python; Power BI; Tableau; Azure; Jira; Git; Power Query,Bachelors Preferred,2025-03-19,Company Website
CA-0768,HR Data Analyst,Large (500+),Consulting,Saskatoon,Saskatchewan,Hybrid,Entry Level (0-2 yrs),67000,SQL; Tableau; SQL Server; R; Jira; Git,Bachelors Required,2025-02-19,Indeed
CA-0769,Operations Analyst,Large (500+),Energy,Montreal,Quebec,On-site,Entry Level (0-2 yrs),65000,SQL; Excel; Tableau; SQL Server,Not Specified,2024-05-01,Glassdoor
CA-0770,Junior Data Analyst,Large (500+),Healthcare,Vancouver,British Columbia,Hybrid,Senior Level (5+ yrs),63000,SQL; Excel; Python; Power BI; SQL Server; Git,Bachelors Preferred,2024-04-04,Job Bank
CA-0771,HR Data Analyst,Small (<50),Manufacturing,Waterloo,Ontario,Hybrid,Mid Level (2-5 yrs),61000,SQL; Excel; Python; Power BI; Tableau; Azure,Bachelors Preferred,2023-10-29,LinkedIn
CA-0772,Data Analyst,Mid (50-500),Manufacturing,Mississauga,Ontario,Remote,Mid Level (2-5 yrs),,SQL; Excel; Spark,Bachelors Preferred,2024-03-15,Indeed
CA-0773,Data Analyst II,Mid (50-500),Retail & E-Commerce,Toronto,Ontario,Hybrid,Mid Level (2-5 yrs),86000,SQL; Excel; SQL Server; R; Git; Looker; DAX; Power Query; Snowflake,Bachelors Required,2024-11-24,LinkedIn
CA-0774,Operations Analyst,Small (<50),Healthcare,Toronto,Ontario,On-site,Entry Level (0-2 yrs),76000,SQL; Git; Power Query,Bachelors Required,2025-01-03,LinkedIn
CA-0775,Senior Data Analyst,Large (500+),Technology,Waterloo,Ontario,On-site,Mid Level (2-5 yrs),,SQL; Excel; Python; SQL Server; Azure; Databricks,Not Specified,2024-10-28,LinkedIn
CA-0776,Senior Data Analyst,Mid (50-500),Healthcare,Ottawa,Ontario,Hybrid,Entry Level (0-2 yrs),106000,SQL; Python; Tableau; Azure; R,Bachelors Required,2023-12-10,Job Bank
CA-0777,Senior Data Analyst,Small (<50),Government,Mississauga,Ontario,Hybrid,Mid Level (2-5 yrs),113000,SQL; Excel; Azure; Jira,Masters Preferred,2025-02-06,Job Bank
CA-0778,Data Analyst,Large (500+),Financial Services,Saskatoon,Saskatchewan,Hybrid,Senior Level (5+ yrs),73000,Excel; Python; Power BI; Tableau; SQL Server,Bachelors Preferred,2024-12-01,Company Website
CA-0779,Data Analyst,Large (500+),Financial Services,Vancouver,British Columbia,On-site,Mid Level (2-5 yrs),80000,SQL; Excel; Power BI; Jira; Git; DAX,Bachelors Required,2024-12-28,Indeed
CA-0780,Data Analyst,Large (500+),Consulting,Victoria,British Columbia,On-site,Mid Level (2-5 yrs),70000,SQL; Excel; Python,Bachelors Preferred,2024-09-11,Job Bank
CA-0781,Data Analyst,Mid (50-500),Government,Edmonton,Alberta,Remote,Entry Level (0-2 yrs),83000,SQL; Excel; Python; Power BI; Tableau; SQL Server,Bachelors Preferred,2025-02-23,Job Bank
CA-0782,Marketing Data Analyst,Large (500+),Financial Services,Winnipeg,Manitoba,Remote,Mid Level (2-5 yrs),,SQL; Python; Azure; Git; Snowflake,Bachelors Preferred,2023-12-13,LinkedIn
CA-0783,Financial Data Analyst,Mid (50-500),Financial Services,Vancouver,British Columbia,On-site,Entry Level (0-2 yrs),80000,SQL; Excel; Tableau; R; DAX,Bachelors Preferred,2024-01-22,Job Bank
CA-0784,Junior Data Analyst,Large (500+),Telecommunications,Toronto,Ontario,Hybrid,Mid Level (2-5 yrs),65000,SQL; Python; Power BI; SQL Server; R,Bachelors Required,2024-11-11,LinkedIn
CA-0785,Data Analyst,Large (500+),Technology,Calgary,Alberta,Hybrid,Mid Level (2-5 yrs),,SQL; Python; Power BI; Azure,Bachelors Preferred,2025-03-16,Indeed
CA-0786,Senior Data Analyst,Large (500+),Consulting,Edmonton,Alberta,Remote,Mid Level (2-5 yrs),111000,SQL; Python; Power BI; SQL Server; Azure,Bachelors Preferred,2024-06-14,Indeed
CA-0787,Data Analyst,Small (<50),Financial Services,Vancouver,British Columbia,Hybrid,Mid Level (2-5 yrs),75000,SQL; Excel; Azure; R,Bachelors Required,2023-11-04,LinkedIn
CA-0788,Business Intelligence Analyst,Large (500+),Retail & E-Commerce,Vancouver,British Columbia,On-site,Senior Level (5+ yrs),,SQL; Excel; Python; Power BI; Tableau; SQL Server; Git; Looker; DAX,Bachelors Preferred,2024-05-27,LinkedIn
CA-0789,Junior Data Analyst,Large (500+),Financial Services,Vancouver,British Columbia,Hybrid,Senior Level (5+ yrs),65000,SQL; Excel; Python; Power BI,Bachelors Required,2024-04-11,Job Bank
CA-0790,Business Intelligence Analyst,Large (500+),Consulting,Toronto,Ontario,Hybrid,Senior Level (5+ yrs),97000,SQL; Python; SQL Server; Git,Bachelors Preferred,2025-03-08,LinkedIn
CA-0791,Business Analyst,Small (<50),Consulting,Calgary,Alberta,On-site,Entry Level (0-2 yrs),79000,SQL; Excel; Python; SQL Server; Git; Databricks,Bachelors Preferred,2025-03-19,Glassdoor
CA-0792,Senior Data Analyst,Mid (50-500),Technology,Calgary,Alberta,Remote,Senior Level (5+ yrs),103000,SQL; Excel; Power BI; Tableau; Git; Spark; Power Query; Snowflake,Bachelors Required,2025-01-16,LinkedIn
CA-0793,Data Analyst,Mid (50-500),Retail & E-Commerce,Waterloo,Ontario,Hybrid,Senior Level (5+ yrs),70000,SQL; Excel; Python; SQL Server; DAX,Bachelors Preferred,2024-12-08,LinkedIn
CA-0794,Data Analyst,Mid (50-500),Government,Calgary,Alberta,Hybrid,Mid Level (2-5 yrs),68000,SQL; Python; Power BI; Tableau; SQL Server; Jira,Bachelors Preferred,2025-01-25,LinkedIn
CA-0795,Data Analyst,Small (<50),Technology,Ottawa,Ontario,On-site,Mid Level (2-5 yrs),,SQL; Python; Power BI; Tableau; Git,Bachelors Required,2023-10-05,Company Website
CA-0796,Data Analyst,Mid (50-500),Healthcare,Halifax,Nova Scotia,Remote,Entry Level (0-2 yrs),75000,SQL; Excel; Python; Power BI; SQL Server,Bachelors Required,2023-10-24,LinkedIn
CA-0797,Data Analyst,Small (<50),Healthcare,Toronto,Ontario,Remote,Entry Level (0-2 yrs),85000,SQL; Excel; Tableau; Azure,Bachelors Preferred,2024-08-19,Indeed
CA-0798,HR Data Analyst,Large (500+),Energy,Edmonton,Alberta,On-site,Mid Level (2-5 yrs),59000,SQL; Excel; Python; SQL Server,Bachelors Required,2023-12-08,Indeed
CA-0799,Business Intelligence Analyst,Large (500+),Healthcare,Montreal,Quebec,Remote,Mid Level (2-5 yrs),,SQL; SQL Server; Spark,Not Specified,2024-10-14,LinkedIn
CA-0800,Data Analyst,Small (<50),Financial Services,Ottawa,Ontario,Remote,Mid Level (2-5 yrs),86000,SQL; Excel; Power BI; SQL Server; Jira; Power Query,Bachelors Required,2024-12-18,Indeed
CA-0801,Business Intelligence Analyst,Mid (50-500),Technology,Toronto,Ontario,Remote,Senior Level (5+ yrs),86000,SQL; Excel; Python; SQL Server; Azure,Bachelors Preferred,2024-10-14,Job Bank
CA-0802,Operations Analyst,Small (<50),Retail & E-Commerce,Vancouver,British Columbia,Remote,Entry Level (0-2 yrs),76000,SQL; Excel; Python; SQL Server; Azure,Bachelors Required,2025-02-12,Indeed
CA-0803,Data Analyst II,Mid (50-500),Technology,Toronto,Ontario,Hybrid,Senior Level (5+ yrs),95000,SQL; Excel; Python; Power BI,Masters Preferred,2024-03-14,Indeed
CA-0804,Data Analyst,Small (<50),Financial Services,Calgary,Alberta,Hybrid,Mid Level (2-5 yrs),84000,Python; SQL Server; Git; Databricks,Not Specified,2024-06-22,LinkedIn
CA-0805,Operations Analyst,Small (<50),Energy,Calgary,Alberta,Hybrid,Senior Level (5+ yrs),75000,SQL; Excel; Python; Azure; Jira; DAX; Power Query,Bachelors Required,2024-05-14,Indeed
CA-0806,Data Analyst,Large (500+),Technology,Ottawa,Ontario,Hybrid,Mid Level (2-5 yrs),,SQL; Excel; Python; Power BI,Bachelors Required,2024-11-22,Glassdoor
CA-0807,Data Analyst,Small (<50),Technology,Toronto,Ontario,Hybrid,Senior Level (5+ yrs),90000,SQL; Excel; Python; Power BI; Tableau,Bachelors Required,2023-12-27,Indeed
CA-0808,HR Data Analyst,Mid (50-500),Financial Services,Ottawa,Ontario,Remote,Mid Level (2-5 yrs),72000,SQL; Excel; Power BI; DAX; Snowflake,Not Specified,2024-05-24,Company Website
CA-0809,Operations Analyst,Small (<50),Healthcare,Toronto,Ontario,Hybrid,Mid Level (2-5 yrs),71000,SQL; Python; Tableau; Azure,Bachelors Required,2023-10-04,Indeed
CA-0810,Data Analyst,Mid (50-500),Financial Services,Ottawa,Ontario,Remote,Senior Level (5+ yrs),76000,SQL; Excel; Power BI; SQL Server; Git; DAX,Bachelors Preferred,2024-11-19,LinkedIn
CA-0811,Business Intelligence Analyst,Mid (50-500),Financial Services,Toronto,Ontario,On-site,Entry Level (0-2 yrs),,SQL; Excel; Python; Power BI; SQL Server; Azure,Masters Preferred,2024-02-15,LinkedIn
CA-0812,HR Data Analyst,Mid (50-500),Financial Services,Winnipeg,Manitoba,On-site,Mid Level (2-5 yrs),68000,SQL; Python; SQL Server; R,Not Specified,2024-06-28,Glassdoor
CA-0813,Business Analyst,Small (<50),Financial Services,Ottawa,Ontario,Hybrid,Mid Level (2-5 yrs),82000,SQL; Excel; Python; Power BI; SQL Server; Jira; Git; DAX,Bachelors Required,2024-10-30,LinkedIn
CA-0814,Data Analyst,Small (<50),Healthcare,Waterloo,Ontario,On-site,Mid Level (2-5 yrs),80000,SQL; Excel; Tableau; Azure,Bachelors Preferred,2023-12-05,Indeed
CA-0815,Data Analyst,Large (500+),Technology,Calgary,Alberta,On-site,Entry Level (0-2 yrs),69000,SQL; Power BI; Tableau; Databricks,Masters Preferred,2023-12-14,LinkedIn
CA-0816,Data Analyst,Mid (50-500),Retail & E-Commerce,Ottawa,Ontario,Remote,Mid Level (2-5 yrs),76000,SQL; Excel; Python; Power BI; Tableau; SQL Server; DAX,Bachelors Required,2025-03-06,Job Bank
CA-0817,Data Analyst,Large (500+),Financial Services,Ottawa,Ontario,Remote,Mid Level (2-5 yrs),67000,SQL; Excel; Azure; Power Query,Bachelors Required,2025-01-23,LinkedIn
CA-0818,Data Analyst,Small (<50),Retail & E-Commerce,Vancouver,British Columbia,Hybrid,Senior Level (5+ yrs),84000,Excel; Python; Azure; Power Query,Not Specified,2024-08-13,Job Bank
CA-0819,Marketing Data Analyst,Small (<50),Technology,Toronto,Ontario,Remote,Senior Level (5+ yrs),88000,SQL; Python; Power BI; Tableau,Masters Preferred,2025-01-12,LinkedIn
CA-0820,Data Analyst II,Large (500+),Technology,Winnipeg,Manitoba,Hybrid,Mid Level (2-5 yrs),80000,SQL; Excel; Python,Bachelors Preferred,2024-07-02,Indeed
CA-0821,Data Analyst,Mid (50-500),Financial Services,Toronto,Ontario,Hybrid,Mid Level (2-5 yrs),82000,SQL; Excel; Python; Tableau; SQL Server; Azure,Bachelors Required,2024-12-11,Indeed
CA-0822,HR Data Analyst,Small (<50),Retail & E-Commerce,Ottawa,Ontario,Remote,Mid Level (2-5 yrs),74000,SQL; Excel; Python; DAX,Bachelors Preferred,2025-02-26,Company Website
CA-0823,Data Analyst,Large (500+),Financial Services,Calgary,Alberta,Hybrid,Mid Level (2-5 yrs),74000,SQL; Excel; Python; SQL Server; Jira; Git,Bachelors Required,2023-11-27,Company Website
CA-0824,Junior Data Analyst,Mid (50-500),Healthcare,Ottawa,Ontario,Remote,Senior Level (5+ yrs),60000,SQL; Excel; Power BI; Tableau,Bachelors Required,2024-03-03,Indeed
CA-0825,Data Analyst,Large (500+),Financial Services,Vancouver,British Columbia,Hybrid,Mid Level (2-5 yrs),,SQL; Python; Tableau; Git; Snowflake,Bachelors Required,2023-11-27,Company Website
CA-0826,Senior Data Analyst,Mid (50-500),Technology,Montreal,Quebec,Remote,Mid Level (2-5 yrs),,SQL; Excel; Tableau; SQL Server; Azure,Bachelors Preferred,2024-06-06,Glassdoor
CA-0827,Junior Data Analyst,Small (<50),Technology,Waterloo,Ontario,Hybrid,Senior Level (5+ yrs),57000,SQL; Excel; Python; Tableau; SQL Server,Bachelors Required,2024-02-15,Indeed
CA-0828,Business Intelligence Analyst,Mid (50-500),Energy,Halifax,Nova Scotia,On-site,Senior Level (5+ yrs),71000,SQL; Python; Tableau; Git; Spark,Bachelors Required,2024-04-14,Indeed
CA-0829,Marketing Data Analyst,Large (500+),Financial Services,Ottawa,Ontario,Remote,Entry Level (0-2 yrs),67000,SQL; Excel; SQL Server; Power Query,Not Specified,2024-06-09,LinkedIn
CA-0830,Marketing Data Analyst,Mid (50-500),Healthcare,Toronto,Ontario,Hybrid,Entry Level (0-2 yrs),84000,SQL; Excel; Python; Power BI; SQL Server; Azure; Jira,Bachelors Required,2023-10-27,Company Website
CA-0831,HR Data Analyst,Large (500+),Energy,Vancouver,British Columbia,Hybrid,Senior Level (5+ yrs),70000,SQL; Excel; Python; Tableau; SQL Server; Git,Bachelors Required,2024-03-17,LinkedIn
CA-0832,Data Analyst,Mid (50-500),Retail & E-Commerce,Toronto,Ontario,On-site,Senior Level (5+ yrs),74000,SQL; Python; Power BI; Tableau; R; Git; Spark,Bachelors Preferred,2024-08-04,LinkedIn
CA-0833,Senior Data Analyst,Large (500+),Retail & E-Commerce,Winnipeg,Manitoba,Hybrid,Entry Level (0-2 yrs),,SQL; Excel; Power BI; SQL Server; Git,Not Specified,2023-10-22,Indeed
CA-0834,Business Analyst,Large (500+),Manufacturing,Vancouver,British Columbia,On-site,Mid Level (2-5 yrs),69000,SQL; Excel; Python; SQL Server; Jira; Git; Spark,Bachelors Preferred,2024-07-25,Company Website
CA-0835,Data Analyst,Small (<50),Technology,Halifax,Nova Scotia,Hybrid,Senior Level (5+ yrs),63000,SQL; Excel; Python; Power BI; Tableau; Jira,Bachelors Required,2025-02-05,Glassdoor
CA-0836,Financial Data Analyst,Mid (50-500),Manufacturing,Toronto,Ontario,On-site,Senior Level (5+ yrs),90000,SQL; Excel; Power BI; Azure; R,Not Specified,2024-08-13,Job Bank
CA-0837,Data Analyst,Mid (50-500),Technology,Montreal,Quebec,Hybrid,Senior Level (5+ yrs),64000,SQL; Excel; R; Jira,Not Specified,2024-12-21,Indeed
CA-0838,Business Analyst,Small (<50),Consulting,Toronto,Ontario,Hybrid,Mid Level (2-5 yrs),76000,SQL; Excel; Python; Tableau; Azure; Jira; Power Query,Bachelors Required,2023-10-13,Indeed
CA-0839,Business Intelligence Analyst,Large (500+),Consulting,Montreal,Quebec,Remote,Mid Level (2-5 yrs),80000,SQL; Excel; Python; Power BI,Bachelors Required,2024-08-10,Company Website
CA-0840,Data Analyst,Mid (50-500),Financial Services,Mississauga,Ontario,Hybrid,Mid Level (2-5 yrs),85000,SQL; Excel; SQL Server; Power Query; Snowflake,Masters Preferred,2024-08-05,Indeed
CA-0841,Data Analyst II,Mid (50-500),Government,Calgary,Alberta,Hybrid,Entry Level (0-2 yrs),86000,SQL; Python; Power BI; Power Query,Not Specified,2024-07-19,Job Bank
CA-0842,Data Analyst,Mid (50-500),Government,Toronto,Ontario,Remote,Mid Level (2-5 yrs),73000,SQL; Excel; Python; Azure; DAX; Power Query,Not Specified,2024-04-13,Job Bank
CA-0843,Data Analyst II,Mid (50-500),Financial Services,Saskatoon,Saskatchewan,Remote,Entry Level (0-2 yrs),77000,SQL; Excel; Python; Tableau; SQL Server; Azure,Not Specified,2024-08-24,Indeed
CA-0844,Financial Data Analyst,Large (500+),Retail & E-Commerce,Toronto,Ontario,Remote,Mid Level (2-5 yrs),77000,SQL; Excel; Python; Power BI; Azure; Spark; DAX,Not Specified,2025-03-04,LinkedIn
CA-0845,HR Data Analyst,Large (500+),Technology,Vancouver,British Columbia,On-site,Senior Level (5+ yrs),81000,SQL; Python; Azure; Jira; Power Query,Bachelors Preferred,2024-08-29,Glassdoor
CA-0846,Senior Data Analyst,Large (500+),Healthcare,Mississauga,Ontario,Hybrid,Mid Level (2-5 yrs),118000,SQL; Excel; SQL Server; Jira; Git; DAX,Bachelors Preferred,2025-01-28,Job Bank
CA-0847,Data Analyst,Small (<50),Financial Services,Halifax,Nova Scotia,Hybrid,Entry Level (0-2 yrs),66000,SQL; Python; Power BI; Tableau; R,Masters Preferred,2025-01-01,Indeed
CA-0848,Data Analyst,Mid (50-500),Government,Ottawa,Ontario,Hybrid,Senior Level (5+ yrs),81000,SQL; Excel; Power BI; SQL Server; Git; Spark; DAX,Not Specified,2024-03-03,Glassdoor
CA-0849,Data Analyst II,Large (500+),Technology,Toronto,Ontario,Remote,Senior Level (5+ yrs),79000,SQL; SQL Server; Azure; Spark,Bachelors Required,2024-02-13,LinkedIn
CA-0850,Data Analyst,Small (<50),Consulting,Vancouver,British Columbia,Remote,Mid Level (2-5 yrs),89000,SQL; Excel; Python; Power BI; Tableau; R; Snowflake,Masters Preferred,2024-12-31,Job Bank
CA-0851,Junior Data Analyst,Small (<50),Energy,Toronto,Ontario,Remote,Entry Level (0-2 yrs),62000,SQL; Excel; Python; SQL Server; Git,Masters Preferred,2025-02-13,Indeed
CA-0852,Data Analyst,Mid (50-500),Healthcare,Toronto,Ontario,Remote,Mid Level (2-5 yrs),71000,SQL; Excel; Python; Power BI,Bachelors Preferred,2024-12-19,Indeed
CA-0853,Data Analyst,Large (500+),Government,Toronto,Ontario,Remote,Mid Level (2-5 yrs),89000,SQL; Power BI; Tableau; Git; DAX; Snowflake,Bachelors Required,2023-12-22,LinkedIn
CA-0854,Data Analyst,Large (500+),Retail & E-Commerce,Toronto,Ontario,Hybrid,Entry Level (0-2 yrs),75000,SQL; Excel; R; DAX,Bachelors Required,2024-12-08,Company Website
CA-0855,Junior Data Analyst,Large (500+),Manufacturing,Waterloo,Ontario,On-site,Senior Level (5+ yrs),,SQL; Excel; Python; Azure; Jira; Looker,Masters Preferred,2024-09-12,Job Bank
CA-0856,Data Analyst,Large (500+),Energy,Toronto,Ontario,Hybrid,Entry Level (0-2 yrs),83000,SQL; Power BI; Git; Snowflake,Masters Preferred,2024-04-25,LinkedIn
CA-0857,Senior Data Analyst,Mid (50-500),Financial Services,Calgary,Alberta,Remote,Mid Level (2-5 yrs),109000,SQL; Power BI; Tableau; SQL Server; Azure; DAX; Databricks,Bachelors Required,2024-01-14,Glassdoor
CA-0858,Data Analyst,Small (<50),Healthcare,Vancouver,British Columbia,Hybrid,Senior Level (5+ yrs),70000,SQL; Excel; Python; Power BI; Tableau; Power Query,Bachelors Preferred,2023-11-12,Job Bank
CA-0859,Data Analyst II,Small (<50),Financial Services,Edmonton,Alberta,Hybrid,Entry Level (0-2 yrs),78000,SQL; Excel; Power BI; Tableau; R,Bachelors Required,2024-09-21,Job Bank
CA-0860,Data Analyst,Large (500+),Manufacturing,Vancouver,British Columbia,Hybrid,Mid Level (2-5 yrs),80000,SQL; Tableau; Azure; Jira; Git; Power Query,Masters Preferred,2024-04-11,Indeed
CA-0861,Junior Data Analyst,Large (500+),Financial Services,Montreal,Quebec,Hybrid,Mid Level (2-5 yrs),54000,SQL; Excel; Python; Power BI; Azure; Looker,Not Specified,2024-04-15,Indeed
CA-0862,Operations Analyst,Small (<50),Financial Services,Victoria,British Columbia,Hybrid,Senior Level (5+ yrs),62000,SQL; Excel; Python; Power BI; SQL Server; R; Power Query,Bachelors Preferred,2024-11-08,LinkedIn
CA-0863,HR Data Analyst,Small (<50),Retail & E-Commerce,Calgary,Alberta,On-site,Mid Level (2-5 yrs),,SQL; Excel; Python; SQL Server,Bachelors Preferred,2024-09-13,Indeed
CA-0864,Senior Data Analyst,Large (500+),Technology,Toronto,Ontario,Remote,Mid Level (2-5 yrs),99000,SQL; Excel; Azure; Jira; DAX; Power Query,Not Specified,2024-06-17,Indeed
CA-0865,Data Analyst,Large (500+),Financial Services,Regina,Saskatchewan,Hybrid,Mid Level (2-5 yrs),63000,SQL; Azure; Jira; Git; DAX; Power Query; Snowflake,Masters Preferred,2025-01-28,LinkedIn
CA-0866,Data Analyst II,Small (<50),Government,Calgary,Alberta,Remote,Mid Level (2-5 yrs),,SQL; Excel; Python; Power BI; Tableau; SQL Server; Azure; Jira; DAX,Not Specified,2025-03-29,Glassdoor
CA-0867,Senior Data Analyst,Large (500+),Retail & E-Commerce,Edmonton,Alberta,Hybrid,Senior Level (5+ yrs),,Excel; Python; Git; Spark; DAX,Masters Preferred,2024-08-09,LinkedIn
CA-0868,Data Analyst,Mid (50-500),Energy,Toronto,Ontario,Hybrid,Senior Level (5+ yrs),86000,SQL; Excel; Python; Azure,Not Specified,2024-02-13,LinkedIn
CA-0869,Data Analyst,Mid (50-500),Telecommunications,Toronto,Ontario,On-site,Mid Level (2-5 yrs),74000,SQL; Excel; Power BI; Tableau; SQL Server; Snowflake,Bachelors Preferred,2024-01-15,LinkedIn
CA-0870,Data Analyst,Large (500+),Government,Vancouver,British Columbia,Hybrid,Mid Level (2-5 yrs),76000,SQL; Excel; Power BI; Tableau; SQL Server; R; Git,Bachelors Preferred,2024-01-08,Indeed
CA-0871,HR Data Analyst,Small (<50),Government,Toronto,Ontario,On-site,Entry Level (0-2 yrs),83000,SQL; Excel; Python; Power BI,Masters Preferred,2024-06-30,Glassdoor
CA-0872,Junior Data Analyst,Large (500+),Healthcare,Toronto,Ontario,Hybrid,Mid Level (2-5 yrs),59000,SQL; Excel; Python; Power BI; Tableau,Bachelors Preferred,2024-10-06,Glassdoor
CA-0873,Data Analyst,Large (500+),Manufacturing,Montreal,Quebec,Hybrid,Senior Level (5+ yrs),68000,SQL; Excel; Python; Snowflake,Bachelors Preferred,2024-09-30,LinkedIn
CA-0874,Senior Data Analyst,Large (500+),Retail & E-Commerce,Calgary,Alberta,Hybrid,Entry Level (0-2 yrs),117000,SQL; Python; SQL Server; Azure; R; Jira; DAX; Power Query,Bachelors Preferred,2024-11-13,Indeed
CA-0875,Business Analyst,Small (<50),Consulting,Winnipeg,Manitoba,Hybrid,Entry Level (0-2 yrs),72000,SQL; Excel; Python; Power BI; SQL Server; Jira; Spark; DAX,Bachelors Preferred,2023-10-31,Glassdoor
CA-0876,Data Analyst,Mid (50-500),Retail & E-Commerce,Vancouver,British Columbia,Remote,Entry Level (0-2 yrs),76000,SQL; Excel; Python; Git; Snowflake,Masters Preferred,2024-11-25,Indeed
CA-0877,Data Analyst,Large (500+),Energy,Montreal,Quebec,Hybrid,Senior Level (5+ yrs),71000,SQL; Excel; Tableau; R; Power Query; Databricks,Bachelors Required,2024-01-06,Job Bank
CA-0878,Data Analyst II,Mid (50-500),Technology,Toronto,Ontario,Remote,Mid Level (2-5 yrs),77000,SQL; Excel; Python; Power BI; SQL Server; Jira,Bachelors Required,2025-01-13,Job Bank
CA-0879,Junior Data Analyst,Mid (50-500),Telecommunications,Toronto,Ontario,Hybrid,Mid Level (2-5 yrs),72000,SQL; Excel; Python; Power BI; SQL Server; R; Jira; Git; DAX,Masters Preferred,2024-07-26,LinkedIn
CA-0880,HR Data Analyst,Mid (50-500),Manufacturing,Toronto,Ontario,On-site,Senior Level (5+ yrs),64000,Excel; Power BI; Azure; Spark; Power Query,Bachelors Preferred,2024-07-29,Indeed
CA-0881,Business Intelligence Analyst,Small (<50),Technology,Vancouver,British Columbia,Remote,Mid Level (2-5 yrs),95000,SQL; Excel; Power BI; Tableau; SQL Server; DAX,Bachelors Preferred,2024-07-28,Indeed
CA-0882,Senior Data Analyst,Mid (50-500),Technology,Waterloo,Ontario,Remote,Mid Level (2-5 yrs),,SQL; Python; Power BI; Git,Not Specified,2023-11-07,LinkedIn
CA-0883,Data Analyst II,Large (500+),Government,Toronto,Ontario,Hybrid,Entry Level (0-2 yrs),81000,Excel; Power BI; Tableau; Git; Power Query,Masters Preferred,2024-02-26,LinkedIn
CA-0884,Junior Data Analyst,Small (<50),Telecommunications,Halifax,Nova Scotia,Remote,Senior Level (5+ yrs),61000,SQL; Excel; Tableau; SQL Server; Jira; Spark,Not Specified,2023-10-26,LinkedIn
CA-0885,Data Analyst,Small (<50),Technology,Toronto,Ontario,Remote,Senior Level (5+ yrs),75000,SQL; Excel; Power BI; DAX; Power Query,Bachelors Preferred,2024-03-25,Company Website
CA-0886,Data Analyst,Mid (50-500),Healthcare,Ottawa,Ontario,On-site,Mid Level (2-5 yrs),72000,SQL; Excel; Power BI; Tableau,Not Specified,2023-10-03,Indeed
CA-0887,Data Analyst,Large (500+),Consulting,Vancouver,British Columbia,On-site,Mid Level (2-5 yrs),75000,SQL; Excel; Python; Power BI; SQL Server,Bachelors Preferred,2024-04-01,LinkedIn
CA-0888,HR Data Analyst,Small (<50),Energy,Regina,Saskatchewan,Hybrid,Entry Level (0-2 yrs),66000,SQL; Python; Tableau; Azure; Spark,Bachelors Preferred,2024-11-26,Glassdoor
CA-0889,Business Intelligence Analyst,Small (<50),Financial Services,Mississauga,Ontario,On-site,Mid Level (2-5 yrs),84000,SQL; Excel; Python; SQL Server; DAX,Not Specified,2025-01-08,LinkedIn
CA-0890,Business Analyst,Small (<50),Financial Services,Toronto,Ontario,Hybrid,Entry Level (0-2 yrs),81000,SQL; Power Query,Masters Preferred,2025-01-21,Indeed
CA-0891,Junior Data Analyst,Large (500+),Telecommunications,Edmonton,Alberta,Hybrid,Senior Level (5+ yrs),65000,SQL; Excel; Tableau; Jira; Git,Bachelors Required,2024-11-26,Indeed
CA-0892,Business Analyst,Mid (50-500),Technology,Toronto,Ontario,Remote,Entry Level (0-2 yrs),72000,SQL; Tableau; SQL Server; Snowflake,Bachelors Required,2024-05-14,LinkedIn
CA-0893,HR Data Analyst,Mid (50-500),Telecommunications,Vancouver,British Columbia,Remote,Mid Level (2-5 yrs),,SQL; Excel; Power BI; SQL Server; Databricks,Bachelors Required,2024-09-10,Indeed
CA-0894,Senior Data Analyst,Small (<50),Consulting,Montreal,Quebec,Remote,Entry Level (0-2 yrs),88000,SQL; Jira; Databricks,Masters Preferred,2024-06-18,Indeed
CA-0895,Data Analyst,Large (500+),Consulting,Montreal,Quebec,Hybrid,Entry Level (0-2 yrs),68000,Excel; Python; Azure; R; Jira; DAX,Bachelors Required,2023-11-02,LinkedIn
CA-0896,Data Analyst,Mid (50-500),Technology,Toronto,Ontario,Hybrid,Mid Level (2-5 yrs),82000,SQL; Excel; Python; SQL Server; Azure; Git; Spark,Bachelors Preferred,2024-11-22,LinkedIn
CA-0897,Data Analyst,Small (<50),Financial Services,Toronto,Ontario,Remote,Senior Level (5+ yrs),,SQL; SQL Server; Azure; Jira; DAX,Bachelors Preferred,2025-01-29,Company Website
CA-0898,Data Analyst II,Mid (50-500),Consulting,Vancouver,British Columbia,Hybrid,Mid Level (2-5 yrs),79000,SQL; Python; Power BI; Tableau; Jira; Git,Bachelors Required,2024-08-25,LinkedIn
CA-0899,Business Analyst,Large (500+),Technology,Ottawa,Ontario,On-site,Senior Level (5+ yrs),85000,SQL; Excel; Power BI; Tableau; Azure; Spark,Not Specified,2024-10-23,LinkedIn
CA-0900,Business Analyst,Mid (50-500),Energy,Calgary,Alberta,Hybrid,Mid Level (2-5 yrs),69000,SQL; Excel; Python; Tableau; SQL Server; R; Git; Power Query,Not Specified,2025-02-11,LinkedIn
CA-0901,Business Intelligence Analyst,Mid (50-500),Telecommunications,Toronto,Ontario,Hybrid,Mid Level (2-5 yrs),,SQL; Excel; Python; Power BI,Masters Preferred,2024-05-01,LinkedIn
CA-0902,Data Analyst,Large (500+),Technology,Vancouver,British Columbia,On-site,Entry Level (0-2 yrs),71000,SQL; Tableau; Jira; DAX,Not Specified,2024-09-15,Indeed
CA-0903,Data Analyst,Mid (50-500),Healthcare,Saskatoon,Saskatchewan,Remote,Mid Level (2-5 yrs),61000,SQL; Python; Power BI; SQL Server; Azure; Jira; Git; Looker; DAX,Bachelors Required,2023-12-03,Indeed
CA-0904,Data Analyst,Small (<50),Financial Services,Toronto,Ontario,Remote,Mid Level (2-5 yrs),91000,SQL; Excel; Azure; R; Jira; DAX; Power Query,Bachelors Preferred,2024-07-18,Job Bank
CA-0905,Marketing Data Analyst,Mid (50-500),Financial Services,Toronto,Ontario,Hybrid,Mid Level (2-5 yrs),86000,SQL; Python; Tableau; Git; Power Query,Bachelors Required,2024-08-13,LinkedIn
CA-0906,Data Analyst,Large (500+),Retail & E-Commerce,Winnipeg,Manitoba,On-site,Entry Level (0-2 yrs),61000,SQL; Excel; Tableau; Jira,Bachelors Required,2024-08-22,LinkedIn
CA-0907,Data Analyst,Mid (50-500),Technology,Toronto,Ontario,Hybrid,Senior Level (5+ yrs),73000,SQL; Python; Tableau; SQL Server; Azure; DAX,Masters Preferred,2024-04-08,Indeed
CA-0908,Senior Data Analyst,Small (<50),Financial Services,Regina,Saskatchewan,Hybrid,Mid Level (2-5 yrs),82000,SQL; Python; Power BI; Tableau; Azure; R; Looker; DAX; Databricks,Bachelors Preferred,2024-02-18,LinkedIn
CA-0909,Junior Data Analyst,Small (<50),Energy,Vancouver,British Columbia,Remote,Mid Level (2-5 yrs),59000,Excel; Python; Power BI; Tableau; Azure; Git,Bachelors Required,2023-12-14,LinkedIn
CA-0910,Senior Data Analyst,Mid (50-500),Government,Vancouver,British Columbia,Hybrid,Mid Level (2-5 yrs),98000,SQL; Excel; Python; Tableau; SQL Server,Bachelors Required,2024-10-01,LinkedIn
CA-0911,Data Analyst,Small (<50),Technology,Toronto,Ontario,On-site,Senior Level (5+ yrs),,SQL; Excel; SQL Server; Git,Not Specified,2024-06-24,LinkedIn
CA-0912,Data Analyst II,Small (<50),Government,Winnipeg,Manitoba,On-site,Senior Level (5+ yrs),74000,Excel; Power BI; Tableau; SQL Server,Bachelors Preferred,2024-03-11,LinkedIn
CA-0913,Business Analyst,Mid (50-500),Healthcare,Vancouver,British Columbia,Remote,Mid Level (2-5 yrs),69000,SQL; Excel; Python; Power BI; Tableau,Bachelors Preferred,2023-11-27,Job Bank
CA-0914,Senior Data Analyst,Mid (50-500),Financial Services,Regina,Saskatchewan,On-site,Mid Level (2-5 yrs),95000,SQL; Python; Power BI; SQL Server; Jira; DAX,Bachelors Required,2023-12-14,Indeed
CA-0915,Data Analyst,Large (500+),Consulting,Toronto,Ontario,Hybrid,Entry Level (0-2 yrs),88000,SQL; Excel; Python; Power BI; SQL Server,Bachelors Required,2024-01-18,LinkedIn
CA-0916,Business Analyst,Small (<50),Technology,Ottawa,Ontario,Hybrid,Mid Level (2-5 yrs),69000,SQL; Excel; Python; Power Query,Bachelors Required,2024-02-16,LinkedIn
CA-0917,Business Intelligence Analyst,Mid (50-500),Financial Services,Ottawa,Ontario,Hybrid,Mid Level (2-5 yrs),84000,SQL; Excel; Python; Power BI; Tableau; Azure,Not Specified,2024-01-29,Job Bank
CA-0918,Business Analyst,Mid (50-500),Technology,Toronto,Ontario,On-site,Senior Level (5+ yrs),70000,SQL; Python; Looker; DAX; Power Query,Bachelors Preferred,2024-01-07,Indeed
CA-0919,Business Analyst,Mid (50-500),Retail & E-Commerce,Toronto,Ontario,Hybrid,Mid Level (2-5 yrs),72000,SQL; Excel; Tableau; R; Jira; Looker; Power Query,Bachelors Preferred,2024-08-21,Indeed
CA-0920,Senior Data Analyst,Mid (50-500),Technology,Calgary,Alberta,Hybrid,Mid Level (2-5 yrs),100000,SQL; Python; Power BI; Tableau; Power Query; Databricks,Bachelors Preferred,2023-11-19,Indeed
CA-0921,Business Intelligence Analyst,Mid (50-500),Retail & E-Commerce,Calgary,Alberta,On-site,Mid Level (2-5 yrs),77000,Excel; Python; Tableau; SQL Server; Jira; Git; Looker; DAX,Bachelors Required,2024-10-31,LinkedIn
CA-0922,Financial Data Analyst,Large (500+),Financial Services,Vancouver,British Columbia,Remote,Mid Level (2-5 yrs),95000,SQL; Excel; Power BI; Git,Bachelors Preferred,2024-03-26,Job Bank
CA-0923,Operations Analyst,Mid (50-500),Government,Montreal,Quebec,Hybrid,Entry Level (0-2 yrs),75000,SQL; Python; Power BI; Power Query; Snowflake,Not Specified,2024-01-14,Company Website
CA-0924,Junior Data Analyst,Mid (50-500),Technology,Vancouver,British Columbia,Hybrid,Mid Level (2-5 yrs),70000,SQL; Excel; Python; Power BI; Tableau; SQL Server,Bachelors Preferred,2024-07-28,Indeed
CA-0925,Business Intelligence Analyst,Large (500+),Consulting,Montreal,Quebec,Hybrid,Entry Level (0-2 yrs),82000,SQL; Excel; SQL Server; Spark; DAX,Bachelors Required,2023-10-20,LinkedIn
CA-0926,Data Analyst,Large (500+),Financial Services,Ottawa,Ontario,Remote,Mid Level (2-5 yrs),,SQL; Excel; Python; Tableau; SQL Server,Not Specified,2024-10-26,Indeed
CA-0927,Junior Data Analyst,Small (<50),Financial Services,Winnipeg,Manitoba,Hybrid,Mid Level (2-5 yrs),,SQL; Excel; Tableau; Azure,Masters Preferred,2024-07-09,Indeed
CA-0928,Business Intelligence Analyst,Mid (50-500),Financial Services,Calgary,Alberta,Remote,Mid Level (2-5 yrs),84000,Excel; Jira; DAX,Bachelors Required,2024-08-21,Job Bank
CA-0929,Marketing Data Analyst,Large (500+),Retail & E-Commerce,Toronto,Ontario,Hybrid,Mid Level (2-5 yrs),75000,SQL; Python; Tableau; Azure; R; Jira; Looker,Bachelors Preferred,2025-02-07,Glassdoor
CA-0930,Operations Analyst,Large (500+),Consulting,Montreal,Quebec,Remote,Senior Level (5+ yrs),64000,,Bachelors Required,2024-09-03,Indeed
CA-0931,Data Analyst,Mid (50-500),Healthcare,Montreal,Quebec,Hybrid,Mid Level (2-5 yrs),66000,SQL; SQL Server; Azure,Bachelors Preferred,2024-05-01,Job Bank
CA-0932,HR Data Analyst,Large (500+),Financial Services,Calgary,Alberta,Hybrid,Mid Level (2-5 yrs),,SQL; Python; SQL Server; Azure,Not Specified,2023-12-25,LinkedIn
CA-0933,Business Intelligence Analyst,Small (<50),Manufacturing,Victoria,British Columbia,On-site,Mid Level (2-5 yrs),90000,SQL; Excel; Power BI; Tableau; Azure; Jira; Spark,Masters Preferred,2024-03-18,Indeed
CA-0934,Senior Data Analyst,Mid (50-500),Telecommunications,Toronto,Ontario,Hybrid,Senior Level (5+ yrs),114000,SQL; Excel; Python; Power BI,Bachelors Required,2024-12-14,LinkedIn
CA-0935,Data Analyst,Large (500+),Healthcare,Toronto,Ontario,Hybrid,Senior Level (5+ yrs),80000,SQL; Excel; Azure; Git; Power Query,Bachelors Preferred,2023-12-23,Indeed
CA-0936,Data Analyst,Small (<50),Healthcare,Waterloo,Ontario,On-site,Mid Level (2-5 yrs),,SQL; Excel; Python; Power BI; Tableau,Masters Preferred,2023-12-28,Indeed
CA-0937,Financial Data Analyst,Mid (50-500),Manufacturing,Saskatoon,Saskatchewan,Remote,Mid Level (2-5 yrs),65000,SQL; Excel; Python; R; DAX,Bachelors Required,2024-03-17,Glassdoor
CA-0938,Data Analyst,Mid (50-500),Consulting,Saskatoon,Saskatchewan,Hybrid,Mid Level (2-5 yrs),,SQL; Excel; Python; Tableau; R; Spark; DAX; Databricks,Bachelors Required,2023-12-28,Indeed
CA-0939,Business Intelligence Analyst,Large (500+),Telecommunications,Toronto,Ontario,Remote,Mid Level (2-5 yrs),83000,SQL; Python; DAX; Snowflake,Bachelors Required,2024-02-25,Job Bank
CA-0940,Business Analyst,Mid (50-500),Financial Services,Ottawa,Ontario,Hybrid,Entry Level (0-2 yrs),68000,SQL; Python; Power BI; Tableau,Bachelors Required,2024-08-22,Indeed
CA-0941,Data Analyst,Mid (50-500),Government,Toronto,Ontario,Remote,Senior Level (5+ yrs),88000,SQL; Excel; Power BI; SQL Server; Jira; Git; DAX; Power Query,Not Specified,2024-07-26,LinkedIn
CA-0942,Junior Data Analyst,Large (500+),Telecommunications,Toronto,Ontario,Remote,Mid Level (2-5 yrs),,SQL; Excel; Python; Power BI; SQL Server; Git; DAX; Power Query,Bachelors Required,2023-10-20,Indeed
CA-0943,Business Analyst,Mid (50-500),Technology,Toronto,Ontario,Hybrid,Senior Level (5+ yrs),76000,SQL; Python; Tableau; SQL Server; Jira,Not Specified,2024-09-29,LinkedIn
CA-0944,Data Analyst,Mid (50-500),Healthcare,Toronto,Ontario,Remote,Senior Level (5+ yrs),85000,SQL; Excel; Python; Power BI,Bachelors Required,2025-01-26,Glassdoor
CA-0945,Junior Data Analyst,Mid (50-500),Energy,Vancouver,British Columbia,Hybrid,Senior Level (5+ yrs),67000,Excel; Python; Power BI; R; Jira; Git,Bachelors Required,2024-09-17,Company Website
CA-0946,HR Data Analyst,Large (500+),Energy,Toronto,Ontario,Remote,Mid Level (2-5 yrs),70000,SQL; Excel; Python; Power BI,Not Specified,2023-11-25,Job Bank
CA-0947,Business Intelligence Analyst,Large (500+),Technology,Toronto,Ontario,Hybrid,Entry Level (0-2 yrs),88000,SQL; Excel; Python; Power BI; DAX,Masters Preferred,2025-01-02,Job Bank
CA-0948,Data Analyst,Mid (50-500),Consulting,Montreal,Quebec,On-site,Mid Level (2-5 yrs),68000,SQL; Excel; Python; Power BI,Bachelors Preferred,2024-08-10,Job Bank
CA-0949,Business Intelligence Analyst,Large (500+),Technology,Vancouver,British Columbia,Remote,Senior Level (5+ yrs),76000,Power BI; Tableau; SQL Server; Jira; DAX,Not Specified,2024-04-24,Job Bank
CA-0950,Data Analyst II,Small (<50),Healthcare,Ottawa,Ontario,On-site,Entry Level (0-2 yrs),82000,SQL Server; R; DAX; Power Query,Bachelors Required,2024-12-12,Glassdoor
CA-0951,Senior Data Analyst,Mid (50-500),Energy,Ottawa,Ontario,Remote,Mid Level (2-5 yrs),100000,SQL; Excel; Python; Power BI; Tableau; Azure; R,Bachelors Required,2025-02-05,Job Bank
CA-0952,Data Analyst,Small (<50),Financial Services,Montreal,Quebec,Hybrid,Mid Level (2-5 yrs),,SQL; Python,Bachelors Required,2024-12-06,Glassdoor
CA-0953,Senior Data Analyst,Large (500+),Technology,Ottawa,Ontario,Hybrid,Entry Level (0-2 yrs),106000,Excel; Python; Power BI; Tableau; SQL Server; Azure; Looker,Not Specified,2024-06-14,LinkedIn
CA-0954,Data Analyst,Large (500+),Healthcare,Vancouver,British Columbia,Remote,Senior Level (5+ yrs),85000,SQL; Excel; Power BI; SQL Server; Git; Spark,Bachelors Required,2024-01-02,LinkedIn
CA-0955,Data Analyst,Small (<50),Financial Services,Edmonton,Alberta,Remote,Senior Level (5+ yrs),72000,SQL; Power BI; Tableau; SQL Server; Azure; Jira; Looker,Bachelors Preferred,2023-12-11,Glassdoor
CA-0956,Data Analyst,Mid (50-500),Government,Edmonton,Alberta,Remote,Mid Level (2-5 yrs),81000,SQL; Tableau; SQL Server; Jira,Not Specified,2024-03-05,Job Bank
CA-0957,Business Intelligence Analyst,Mid (50-500),Technology,Regina,Saskatchewan,Hybrid,Senior Level (5+ yrs),70000,SQL; Excel; Power BI; Tableau; Git,Bachelors Preferred,2023-12-24,Indeed
CA-0958,Senior Data Analyst,Small (<50),Healthcare,Saskatoon,Saskatchewan,Remote,Entry Level (0-2 yrs),85000,Excel; Python; Power BI; Tableau; SQL Server; DAX; Databricks,Bachelors Required,2023-11-28,LinkedIn
CA-0959,Junior Data Analyst,Large (500+),Government,Vancouver,British Columbia,On-site,Entry Level (0-2 yrs),65000,Excel; Power BI; Tableau; Git; Power Query,Bachelors Required,2025-01-10,Glassdoor
CA-0960,Business Intelligence Analyst,Mid (50-500),Manufacturing,Toronto,Ontario,Remote,Mid Level (2-5 yrs),83000,SQL; Excel; Python; Git; Spark; Power Query,Bachelors Preferred,2024-10-30,LinkedIn
CA-0961,Financial Data Analyst,Mid (50-500),Financial Services,Victoria,British Columbia,Hybrid,Mid Level (2-5 yrs),80000,SQL; Python; Azure; R; Jira; Snowflake,Masters Preferred,2024-07-10,Glassdoor
CA-0962,Data Analyst,Mid (50-500),Financial Services,Montreal,Quebec,Hybrid,Entry Level (0-2 yrs),71000,SQL; Excel; Python; Spark; Power Query,Not Specified,2023-12-28,LinkedIn
CA-0963,Marketing Data Analyst,Mid (50-500),Government,Edmonton,Alberta,Hybrid,Mid Level (2-5 yrs),75000,Excel; Power BI; Tableau; Jira; Looker; DAX,Not Specified,2023-11-13,LinkedIn
CA-0964,Senior Data Analyst,Large (500+),Technology,Toronto,Ontario,On-site,Mid Level (2-5 yrs),112000,SQL; Excel; Python; Tableau,Bachelors Required,2025-01-03,LinkedIn
CA-0965,Financial Data Analyst,Large (500+),Manufacturing,Waterloo,Ontario,Remote,Mid Level (2-5 yrs),82000,Excel; Python; Power BI; SQL Server; R; Git; DAX,Not Specified,2025-03-29,LinkedIn
CA-0966,Business Analyst,Mid (50-500),Financial Services,Winnipeg,Manitoba,On-site,Entry Level (0-2 yrs),59000,SQL; Python; R; Git; DAX,Masters Preferred,2024-10-14,Glassdoor
CA-0967,Data Analyst,Large (500+),Consulting,Ottawa,Ontario,Remote,Senior Level (5+ yrs),85000,SQL; Python; Power BI; Azure; R,Masters Preferred,2024-11-10,Indeed
CA-0968,Data Analyst,Large (500+),Telecommunications,Montreal,Quebec,Remote,Mid Level (2-5 yrs),81000,SQL; Excel; Python; Power BI,Bachelors Preferred,2024-02-28,Job Bank
CA-0969,Business Analyst,Large (500+),Healthcare,Calgary,Alberta,On-site,Entry Level (0-2 yrs),88000,SQL; Excel; SQL Server; R; DAX; Databricks,Not Specified,2025-01-19,LinkedIn
CA-0970,Data Analyst II,Mid (50-500),Manufacturing,Vancouver,British Columbia,Remote,Senior Level (5+ yrs),94000,Excel; Python; Git; DAX,Bachelors Required,2024-05-26,LinkedIn
CA-0971,Junior Data Analyst,Mid (50-500),Telecommunications,Ottawa,Ontario,Hybrid,Mid Level (2-5 yrs),72000,SQL; Excel; Python; Tableau; DAX; Snowflake,Not Specified,2024-11-08,LinkedIn
CA-0972,Data Analyst,Large (500+),Energy,Vancouver,British Columbia,Hybrid,Mid Level (2-5 yrs),76000,SQL; Excel; Python; Power BI; Tableau; SQL Server; Azure; Looker; Power Query,Not Specified,2023-12-18,Indeed
CA-0973,Business Analyst,Mid (50-500),Government,Ottawa,Ontario,Remote,Senior Level (5+ yrs),,SQL; Excel; Tableau; SQL Server; Jira; DAX; Power Query,Bachelors Required,2024-05-07,Job Bank
CA-0974,Senior Data Analyst,Small (<50),Financial Services,Waterloo,Ontario,Hybrid,Mid Level (2-5 yrs),108000,SQL; Excel; Python,Bachelors Required,2023-12-28,LinkedIn
CA-0975,Senior Data Analyst,Large (500+),Technology,Calgary,Alberta,Hybrid,Entry Level (0-2 yrs),97000,SQL; Python; Tableau; SQL Server; Jira,Bachelors Required,2024-04-18,Glassdoor
CA-0976,Data Analyst,Mid (50-500),Technology,Edmonton,Alberta,Hybrid,Senior Level (5+ yrs),,SQL; Excel; Python; SQL Server,Bachelors Preferred,2025-01-28,Indeed
CA-0977,Business Analyst,Small (<50),Energy,Calgary,Alberta,On-site,Senior Level (5+ yrs),87000,SQL; Excel; Python; Git; DAX,Not Specified,2025-01-03,Indeed
CA-0978,Financial Data Analyst,Large (500+),Technology,Toronto,Ontario,Hybrid,Senior Level (5+ yrs),,SQL; Python; Power BI; Tableau; R; Git; Power Query,Not Specified,2024-05-13,LinkedIn
CA-0979,Data Analyst,Small (<50),Retail & E-Commerce,Calgary,Alberta,Hybrid,Mid Level (2-5 yrs),83000,SQL; Excel; Tableau; Azure,Bachelors Preferred,2025-02-07,Company Website
CA-0980,Operations Analyst,Mid (50-500),Technology,Ottawa,Ontario,Remote,Entry Level (0-2 yrs),,SQL; Excel; Power BI; SQL Server; Jira,Bachelors Required,2024-07-28,Indeed
CA-0981,Junior Data Analyst,Mid (50-500),Financial Services,Vancouver,British Columbia,Remote,Mid Level (2-5 yrs),62000,SQL; Excel; Python; Power BI; SQL Server; Jira,Not Specified,2024-09-01,LinkedIn
CA-0982,HR Data Analyst,Large (500+),Retail & E-Commerce,Vancouver,British Columbia,Remote,Entry Level (0-2 yrs),70000,SQL; Excel; Python; Power BI; Tableau; SQL Server; Looker,Masters Preferred,2024-10-10,LinkedIn
CA-0983,Data Analyst,Small (<50),Telecommunications,Montreal,Quebec,Remote,Mid Level (2-5 yrs),64000,SQL; Tableau,Not Specified,2024-06-27,Indeed
CA-0984,Financial Data Analyst,Large (500+),Financial Services,Montreal,Quebec,Hybrid,Mid Level (2-5 yrs),74000,SQL; Python; Power BI; Tableau; SQL Server; Azure; Git,Bachelors Required,2024-12-12,Indeed
CA-0985,Junior Data Analyst,Mid (50-500),Energy,Saskatoon,Saskatchewan,Hybrid,Mid Level (2-5 yrs),64000,SQL; Excel; Power BI; Tableau,Bachelors Preferred,2025-01-19,Indeed
CA-0986,Business Analyst,Small (<50),Government,Halifax,Nova Scotia,Remote,Entry Level (0-2 yrs),64000,Excel; Python; Power BI; SQL Server; Jira; Git; Spark; Power Query,Not Specified,2023-11-02,LinkedIn
CA-0987,Data Analyst,Large (500+),Healthcare,Calgary,Alberta,On-site,Senior Level (5+ yrs),70000,SQL; Excel; Python; Power BI; Git,Bachelors Required,2023-10-18,Indeed
CA-0988,Business Intelligence Analyst,Mid (50-500),Financial Services,Ottawa,Ontario,Hybrid,Entry Level (0-2 yrs),93000,SQL; Excel; Python; Azure,Masters Preferred,2025-02-01,LinkedIn
CA-0989,Data Analyst II,Small (<50),Consulting,Montreal,Quebec,Hybrid,Senior Level (5+ yrs),81000,SQL; Excel; Git,Bachelors Required,2024-08-24,Indeed
CA-0990,Business Intelligence Analyst,Large (500+),Consulting,Toronto,Ontario,On-site,Mid Level (2-5 yrs),99000,SQL; Excel; Python; Power BI; Tableau; Power Query,Not Specified,2025-01-10,LinkedIn
CA-0991,Senior Data Analyst,Mid (50-500),Technology,Calgary,Alberta,Remote,Entry Level (0-2 yrs),,SQL; Excel; SQL Server; Git; DAX,Bachelors Preferred,2024-10-29,Glassdoor
CA-0992,Business Analyst,Mid (50-500),Healthcare,Toronto,Ontario,Remote,Entry Level (0-2 yrs),71000,SQL; Python; Power BI; Azure; R,Bachelors Preferred,2025-03-01,Indeed
CA-0993,Data Analyst,Mid (50-500),Government,Toronto,Ontario,Remote,Mid Level (2-5 yrs),,Excel; Python; Power BI; SQL Server; Azure; R; Looker,Bachelors Preferred,2023-10-09,Indeed
CA-0994,Data Analyst,Mid (50-500),Technology,Vancouver,British Columbia,Remote,Mid Level (2-5 yrs),89000,Excel; Power BI; Tableau; Azure; R,Bachelors Required,2023-12-26,LinkedIn
CA-0995,Business Analyst,Large (500+),Technology,Montreal,Quebec,Hybrid,Senior Level (5+ yrs),65000,SQL; Excel; Power BI; R; Jira; Git; Power Query; Snowflake,Bachelors Required,2024-04-19,LinkedIn
CA-0996,Financial Data Analyst,Mid (50-500),Financial Services,Toronto,Ontario,Remote,Mid Level (2-5 yrs),,SQL; Excel; Python; SQL Server; R; Jira; Looker,Not Specified,2025-03-01,Indeed
CA-0997,Business Analyst,Large (500+),Financial Services,Saskatoon,Saskatchewan,Remote,Entry Level (0-2 yrs),,SQL; Excel; Spark,Bachelors Required,2024-12-05,Job Bank
CA-0998,Business Intelligence Analyst,Small (<50),Consulting,Saskatoon,Saskatchewan,Hybrid,Entry Level (0-2 yrs),79000,SQL; Excel; Power Query; Databricks,Bachelors Preferred,2024-06-10,Job Bank
CA-0999,Senior Data Analyst,Large (500+),Retail & E-Commerce,Ottawa,Ontario,Remote,Mid Level (2-5 yrs),115000,SQL; Excel; Power BI; DAX; Power Query,Bachelors Required,2023-11-14,Indeed
CA-1000,Data Analyst II,Small (<50),Consulting,Toronto,Ontario,Remote,Senior Level (5+ yrs),81000,SQL; Python; Power BI; Jira; Git,Bachelors Required,2023-12-07,LinkedIn
CA-1001,Data Analyst,Large (500+),Retail & E-Commerce,Montreal,Quebec,Remote,Entry Level (0-2 yrs),65000,SQL; Excel; Azure; DAX; Power Query,Not Specified,2024-12-17,Job Bank
CA-1002,Data Analyst,Mid (50-500),Government,Vancouver,British Columbia,Remote,Senior Level (5+ yrs),77000,SQL; Power BI; Tableau; Snowflake,Bachelors Required,2025-01-02,Job Bank
CA-1003,Data Analyst,Mid (50-500),Technology,Montreal,Quebec,Hybrid,Mid Level (2-5 yrs),66000,SQL; Python; Power BI; Tableau,Masters Preferred,2024-01-20,Indeed
CA-1004,Junior Data Analyst,Large (500+),Retail & E-Commerce,Vancouver,British Columbia,Hybrid,Senior Level (5+ yrs),64000,SQL; Excel; Python; Power BI; Tableau; SQL Server; Jira,Bachelors Required,2024-02-12,LinkedIn
CA-1005,Data Analyst,Large (500+),Government,Toronto,Ontario,Hybrid,Senior Level (5+ yrs),88000,SQL; Excel; Power BI; Tableau; Azure; Jira; Git,Masters Preferred,2024-05-03,Indeed
CA-1006,Business Analyst,Small (<50),Financial Services,Calgary,Alberta,On-site,Entry Level (0-2 yrs),83000,Excel; Python; SQL Server; Azure; Git; DAX; Snowflake,Bachelors Preferred,2024-12-01,Indeed
CA-1007,Operations Analyst,Mid (50-500),Consulting,Vancouver,British Columbia,Remote,Mid Level (2-5 yrs),68000,SQL; Excel; SQL Server; Azure,Not Specified,2024-04-24,Indeed
CA-1008,Junior Data Analyst,Mid (50-500),Energy,Waterloo,Ontario,Remote,Mid Level (2-5 yrs),63000,SQL; Excel; Power BI; Tableau; SQL Server; R; Jira,Not Specified,2024-09-09,LinkedIn
CA-1009,Data Analyst,Large (500+),Technology,Victoria,British Columbia,Hybrid,Senior Level (5+ yrs),74000,SQL; Excel; Python; Power BI; Tableau; Jira; Spark; Power Query,Bachelors Required,2024-02-18,LinkedIn
CA-1010,Business Intelligence Analyst,Large (500+),Technology,Winnipeg,Manitoba,Hybrid,Senior Level (5+ yrs),85000,SQL; Excel; Tableau; R,Bachelors Required,2023-11-30,LinkedIn
CA-1011,HR Data Analyst,Large (500+),Financial Services,Ottawa,Ontario,Hybrid,Mid Level (2-5 yrs),,SQL; Excel; Python; Power BI,Bachelors Required,2024-04-04,Job Bank
CA-1012,Senior Data Analyst,Mid (50-500),Healthcare,Calgary,Alberta,On-site,Entry Level (0-2 yrs),92000,SQL; Excel; Python; Tableau; Azure; Git; Snowflake,Masters Preferred,2024-08-12,Company Website
CA-1013,Marketing Data Analyst,Mid (50-500),Consulting,Regina,Saskatchewan,Remote,Mid Level (2-5 yrs),,SQL; Python; Power BI; Tableau; Azure; Jira,Bachelors Required,2024-04-22,Indeed
CA-1014,Junior Data Analyst,Mid (50-500),Telecommunications,Vancouver,British Columbia,Remote,Entry Level (0-2 yrs),63000,SQL; Excel; Jira,Bachelors Preferred,2024-10-26,Company Website
CA-1015,Data Analyst,Mid (50-500),Energy,Vancouver,British Columbia,Remote,Mid Level (2-5 yrs),86000,SQL; Power BI; Tableau; SQL Server; Azure,Masters Preferred,2024-02-11,Company Website
CA-1016,Data Analyst,Large (500+),Technology,Ottawa,Ontario,On-site,Mid Level (2-5 yrs),,SQL; Excel; Python; Tableau,Bachelors Preferred,2025-03-24,Company Website
CA-1017,Junior Data Analyst,Large (500+),Technology,Toronto,Ontario,Hybrid,Mid Level (2-5 yrs),76000,SQL; Excel; Tableau; Azure; Jira; Git; Databricks,Bachelors Preferred,2024-12-14,Indeed
CA-1018,Data Analyst,Mid (50-500),Consulting,Ottawa,Ontario,Hybrid,Entry Level (0-2 yrs),,SQL; Excel; Python; Power BI; Tableau; R; Spark,Masters Preferred,2024-04-16,LinkedIn
CA-1019,Junior Data Analyst,Small (<50),Technology,Toronto,Ontario,On-site,Mid Level (2-5 yrs),71000,SQL; Power BI; R; Jira; Power Query,Bachelors Preferred,2024-12-16,Indeed
CA-1020,Data Analyst,Mid (50-500),Technology,Montreal,Quebec,Remote,Senior Level (5+ yrs),,SQL; Excel; Power BI; SQL Server; Azure; R,Bachelors Required,2024-08-05,Indeed
CA-1021,Junior Data Analyst,Mid (50-500),Financial Services,Toronto,Ontario,On-site,Mid Level (2-5 yrs),,SQL; Excel; Tableau; SQL Server; R; Jira,Masters Preferred,2024-12-04,Indeed
CA-1022,Financial Data Analyst,Mid (50-500),Government,Mississauga,Ontario,Hybrid,Mid Level (2-5 yrs),77000,SQL; Excel; Python; Power BI; Looker; DAX; Snowflake,Masters Preferred,2024-03-23,Indeed
CA-1023,Business Intelligence Analyst,Mid (50-500),Retail & E-Commerce,Calgary,Alberta,Remote,Senior Level (5+ yrs),84000,SQL; Excel; Python; Power BI; Tableau,Masters Preferred,2024-05-11,LinkedIn
CA-1024,Business Intelligence Analyst,Mid (50-500),Healthcare,Toronto,Ontario,On-site,Mid Level (2-5 yrs),105000,SQL; Excel; Power BI; Tableau; SQL Server; Azure; R,Bachelors Preferred,2024-09-25,Indeed
CA-1025,Data Analyst,Large (500+),Telecommunications,Vancouver,British Columbia,Hybrid,Entry Level (0-2 yrs),85000,SQL; Excel; Power BI; Azure; Git; Snowflake,Not Specified,2025-03-28,Job Bank
CA-1026,Business Intelligence Analyst,Large (500+),Healthcare,Toronto,Ontario,Hybrid,Senior Level (5+ yrs),101000,Excel; Python; Power BI; Tableau; SQL Server; DAX,Not Specified,2024-09-21,LinkedIn
CA-1027,Data Analyst,Large (500+),Government,Mississauga,Ontario,Hybrid,Senior Level (5+ yrs),68000,SQL; Excel; Power BI; Tableau; SQL Server; Azure; R; Power Query,Masters Preferred,2024-08-03,LinkedIn
CA-1028,Data Analyst,Mid (50-500),Retail & E-Commerce,Calgary,Alberta,Hybrid,Senior Level (5+ yrs),72000,SQL; Excel; Python; Power BI; Tableau; Jira; Spark,Bachelors Preferred,2024-02-05,Indeed
CA-1029,Junior Data Analyst,Mid (50-500),Technology,Edmonton,Alberta,Hybrid,Entry Level (0-2 yrs),66000,SQL; Excel; Python; Power BI; Snowflake,Bachelors Preferred,2023-12-19,LinkedIn
CA-1030,Business Intelligence Analyst,Large (500+),Technology,Calgary,Alberta,On-site,Mid Level (2-5 yrs),99000,SQL; Python; Power BI; Tableau; SQL Server; Jira,Not Specified,2024-04-14,LinkedIn
CA-1031,Senior Data Analyst,Mid (50-500),Financial Services,Edmonton,Alberta,Remote,Entry Level (0-2 yrs),115000,SQL; Excel; Python; Power BI; Spark; Power Query,Not Specified,2024-08-19,Glassdoor
CA-1032,Business Intelligence Analyst,Small (<50),Financial Services,Toronto,Ontario,Hybrid,Mid Level (2-5 yrs),92000,SQL; Excel; Python; Tableau; Azure; R,Bachelors Required,2024-01-03,Indeed
CA-1033,Senior Data Analyst,Large (500+),Telecommunications,Toronto,Ontario,Remote,Entry Level (0-2 yrs),122000,SQL; Excel; Python; Power BI; SQL Server; R; Jira,Bachelors Preferred,2023-12-16,Glassdoor
CA-1034,Business Analyst,Mid (50-500),Consulting,Toronto,Ontario,Remote,Senior Level (5+ yrs),82000,SQL; Excel; Python; Power BI,Bachelors Preferred,2024-03-22,LinkedIn
CA-1035,Financial Data Analyst,Mid (50-500),Technology,Toronto,Ontario,On-site,Mid Level (2-5 yrs),81000,SQL; Power BI; Tableau; Power Query; Snowflake,Bachelors Required,2024-09-23,LinkedIn
CA-1036,Senior Data Analyst,Mid (50-500),Consulting,Toronto,Ontario,Remote,Mid Level (2-5 yrs),95000,SQL; Excel; SQL Server; Azure; Spark; DAX,Bachelors Required,2025-01-21,LinkedIn
CA-1037,Senior Data Analyst,Large (500+),Healthcare,Toronto,Ontario,On-site,Senior Level (5+ yrs),105000,SQL; Excel; Python; Power BI; Tableau,Bachelors Preferred,2024-09-24,LinkedIn
CA-1038,HR Data Analyst,Mid (50-500),Technology,Calgary,Alberta,Hybrid,Senior Level (5+ yrs),,SQL; Excel; Python; Tableau; R; Jira,Not Specified,2025-01-01,Job Bank
CA-1039,Data Analyst II,Small (<50),Healthcare,Mississauga,Ontario,Hybrid,Mid Level (2-5 yrs),,SQL; Excel; Python; Power BI,Not Specified,2023-10-14,Job Bank
CA-1040,Data Analyst,Mid (50-500),Government,Mississauga,Ontario,Remote,Senior Level (5+ yrs),67000,SQL; Excel; Python; Power BI; Tableau; Azure; Git,Bachelors Preferred,2023-12-24,Job Bank
CA-1041,Business Intelligence Analyst,Small (<50),Financial Services,Mississauga,Ontario,Remote,Mid Level (2-5 yrs),,SQL; Excel; SQL Server; Looker,Bachelors Required,2025-02-08,Indeed
CA-1042,Business Intelligence Analyst,Small (<50),Telecommunications,Edmonton,Alberta,On-site,Mid Level (2-5 yrs),93000,SQL; Excel; Databricks,Bachelors Required,2023-12-23,Job Bank
CA-1043,Junior Data Analyst,Mid (50-500),Healthcare,Toronto,Ontario,Hybrid,Mid Level (2-5 yrs),64000,SQL; Python; Power BI; Tableau; SQL Server; Azure; Spark,Bachelors Preferred,2024-07-12,Indeed
CA-1044,Operations Analyst,Large (500+),Technology,Toronto,Ontario,Remote,Mid Level (2-5 yrs),77000,SQL; Python; Power BI; Azure; R; Spark,Bachelors Required,2024-08-25,Indeed
CA-1045,Junior Data Analyst,Mid (50-500),Financial Services,Ottawa,Ontario,Remote,Entry Level (0-2 yrs),62000,SQL; Python; Power BI; Tableau; SQL Server; Azure; Looker,Not Specified,2023-11-25,LinkedIn
CA-1046,Data Analyst,Mid (50-500),Technology,Ottawa,Ontario,Hybrid,Senior Level (5+ yrs),84000,SQL; Python; SQL Server; Jira; Spark,Bachelors Required,2023-10-23,Glassdoor
CA-1047,Data Analyst,Mid (50-500),Healthcare,Toronto,Ontario,On-site,Senior Level (5+ yrs),86000,SQL; Excel; Python; Power BI; Azure; R; Git,Bachelors Required,2025-02-14,LinkedIn
CA-1048,Data Analyst,Small (<50),Technology,Vancouver,British Columbia,On-site,Entry Level (0-2 yrs),82000,SQL; Excel; Python; Power BI; Azure,Masters Preferred,2023-10-28,Indeed
CA-1049,Business Analyst,Small (<50),Consulting,Calgary,Alberta,On-site,Mid Level (2-5 yrs),84000,SQL; Excel; Python; Power BI; SQL Server; DAX,Not Specified,2024-08-05,Indeed
CA-1050,Business Intelligence Analyst,Large (500+),Government,Toronto,Ontario,On-site,Entry Level (0-2 yrs),101000,SQL; Excel; Python; Power BI; Tableau; SQL Server; DAX; Power Query,Not Specified,2023-10-12,LinkedIn
CA-1051,Business Intelligence Analyst,Mid (50-500),Telecommunications,Toronto,Ontario,Hybrid,Senior Level (5+ yrs),82000,SQL; Excel; Power BI,Bachelors Required,2025-02-06,Job Bank
CA-1052,Junior Data Analyst,Large (500+),Manufacturing,Ottawa,Ontario,Remote,Mid Level (2-5 yrs),58000,SQL; Excel; Python; Power BI; Tableau; Azure; Power Query,Bachelors Preferred,2025-02-13,Indeed
CA-1053,Financial Data Analyst,Large (500+),Healthcare,Toronto,Ontario,On-site,Mid Level (2-5 yrs),94000,SQL; Excel; Power BI; Tableau,Masters Preferred,2025-02-17,LinkedIn
CA-1054,Data Analyst,Small (<50),Retail & E-Commerce,Edmonton,Alberta,Hybrid,Mid Level (2-5 yrs),68000,SQL; Python; Git; Power Query; Snowflake,Bachelors Required,2025-01-28,LinkedIn
CA-1055,Junior Data Analyst,Large (500+),Technology,Edmonton,Alberta,On-site,Senior Level (5+ yrs),61000,SQL; Excel; Power BI; Tableau; SQL Server; Azure; Jira,Bachelors Preferred,2024-06-08,Job Bank
CA-1056,Business Analyst,Mid (50-500),Technology,Toronto,Ontario,Remote,Mid Level (2-5 yrs),87000,SQL; Power BI; Tableau; Azure; Jira,Not Specified,2024-01-03,Indeed
CA-1057,Data Analyst,Large (500+),Consulting,Toronto,Ontario,Remote,Senior Level (5+ yrs),72000,SQL; Excel; Python; Power BI; Tableau; SQL Server,Bachelors Preferred,2024-07-18,Indeed
CA-1058,Data Analyst,Mid (50-500),Retail & E-Commerce,Victoria,British Columbia,Remote,Senior Level (5+ yrs),83000,SQL; Excel; Power BI; Tableau; SQL Server; Git; Spark,Bachelors Preferred,2024-12-20,LinkedIn
CA-1059,Data Analyst,Mid (50-500),Consulting,Edmonton,Alberta,Hybrid,Entry Level (0-2 yrs),81000,SQL; Excel; SQL Server; Azure; Databricks,Not Specified,2024-10-19,LinkedIn
CA-1060,Data Analyst,Small (<50),Technology,Vancouver,British Columbia,Remote,Senior Level (5+ yrs),83000,SQL; Excel; SQL Server; Azure; Spark; DAX,Bachelors Required,2023-10-14,Indeed
CA-1061,Data Analyst,Small (<50),Government,Ottawa,Ontario,Remote,Entry Level (0-2 yrs),70000,SQL; Power BI,Not Specified,2023-10-15,Glassdoor
CA-1062,Senior Data Analyst,Small (<50),Financial Services,Ottawa,Ontario,On-site,Senior Level (5+ yrs),100000,SQL; Excel; Power BI; Tableau,Bachelors Preferred,2024-03-03,LinkedIn
CA-1063,Operations Analyst,Mid (50-500),Technology,Winnipeg,Manitoba,Hybrid,Mid Level (2-5 yrs),55000,SQL; Python; Power BI; Tableau,Not Specified,2023-10-23,Indeed
CA-1064,Junior Data Analyst,Large (500+),Energy,Mississauga,Ontario,Hybrid,Mid Level (2-5 yrs),72000,SQL; Excel; Tableau; DAX,Not Specified,2023-11-05,Indeed
CA-1065,HR Data Analyst,Mid (50-500),Energy,Vancouver,British Columbia,Remote,Entry Level (0-2 yrs),76000,SQL; Excel; Python; Tableau; SQL Server; Azure,Bachelors Preferred,2023-12-09,Job Bank
CA-1066,Data Analyst,Mid (50-500),Telecommunications,Vancouver,British Columbia,On-site,Entry Level (0-2 yrs),82000,SQL; Excel; Python; Tableau; SQL Server; Snowflake,Bachelors Required,2023-10-04,Indeed
CA-1067,Junior Data Analyst,Large (500+),Technology,Vancouver,British Columbia,On-site,Senior Level (5+ yrs),70000,SQL; Tableau; SQL Server; Jira; Snowflake,Bachelors Required,2024-05-27,LinkedIn
CA-1068,Business Intelligence Analyst,Small (<50),Healthcare,Edmonton,Alberta,Remote,Mid Level (2-5 yrs),75000,SQL; Excel; Python; Power BI,Bachelors Preferred,2025-01-13,LinkedIn
CA-1069,Data Analyst II,Small (<50),Consulting,Toronto,Ontario,Remote,Mid Level (2-5 yrs),78000,SQL; Excel; Python; SQL Server,Masters Preferred,2024-05-16,LinkedIn
CA-1070,Data Analyst,Small (<50),Financial Services,Montreal,Quebec,Hybrid,Entry Level (0-2 yrs),74000,Excel; Spark; DAX,Not Specified,2024-06-12,Job Bank
CA-1071,Junior Data Analyst,Large (500+),Technology,Toronto,Ontario,Remote,Mid Level (2-5 yrs),64000,SQL; Excel; Python; SQL Server; Git; Looker,Not Specified,2023-11-15,LinkedIn
CA-1072,Data Analyst,Mid (50-500),Energy,Ottawa,Ontario,Remote,Mid Level (2-5 yrs),,Excel; SQL Server; Jira; Git,Bachelors Preferred,2024-02-01,LinkedIn
CA-1073,Data Analyst II,Mid (50-500),Technology,Edmonton,Alberta,Remote,Entry Level (0-2 yrs),82000,SQL; Excel; Git,Bachelors Required,2025-02-27,LinkedIn
CA-1074,Junior Data Analyst,Large (500+),Technology,Toronto,Ontario,On-site,Mid Level (2-5 yrs),76000,SQL; Excel; Python; Tableau; Azure; R; Databricks; Snowflake,Bachelors Required,2025-02-27,Indeed
CA-1075,Data Analyst,Mid (50-500),Healthcare,Montreal,Quebec,Hybrid,Senior Level (5+ yrs),78000,SQL; Excel; Python; Tableau; Git,Bachelors Required,2024-12-10,Indeed
CA-1076,Data Analyst,Small (<50),Healthcare,Toronto,Ontario,Remote,Entry Level (0-2 yrs),82000,SQL; Excel; Python; Power BI,Masters Preferred,2024-08-26,LinkedIn
CA-1077,Junior Data Analyst,Small (<50),Financial Services,Montreal,Quebec,On-site,Mid Level (2-5 yrs),67000,SQL; Excel; Power BI; Spark; Looker,Bachelors Required,2024-11-28,LinkedIn
CA-1078,Data Analyst,Mid (50-500),Financial Services,Toronto,Ontario,Remote,Mid Level (2-5 yrs),73000,SQL; Excel; Python; Power BI; SQL Server; Jira; Git,Bachelors Required,2023-11-16,Indeed
CA-1079,Data Analyst,Mid (50-500),Technology,Montreal,Quebec,Hybrid,Mid Level (2-5 yrs),78000,SQL; Excel; Python; Tableau; SQL Server; R; Jira,Masters Preferred,2024-11-02,LinkedIn
CA-1080,HR Data Analyst,Mid (50-500),Energy,Toronto,Ontario,Hybrid,Senior Level (5+ yrs),80000,SQL; Excel; Python; Power BI,Not Specified,2025-02-17,Indeed
CA-1081,Business Intelligence Analyst,Mid (50-500),Financial Services,Vancouver,British Columbia,Hybrid,Mid Level (2-5 yrs),90000,SQL; Excel; Python; Power BI; Git; DAX; Power Query,Bachelors Preferred,2023-11-20,LinkedIn
CA-1082,Junior Data Analyst,Small (<50),Financial Services,Toronto,Ontario,On-site,Mid Level (2-5 yrs),,Excel; Power BI; SQL Server; Azure; Git,Masters Preferred,2024-11-22,Indeed
CA-1083,Junior Data Analyst,Mid (50-500),Government,Toronto,Ontario,Hybrid,Mid Level (2-5 yrs),66000,SQL; Excel; Python; Power BI; Tableau; SQL Server; R,Masters Preferred,2024-08-29,Glassdoor
CA-1084,Data Analyst,Mid (50-500),Retail & E-Commerce,Edmonton,Alberta,Hybrid,Senior Level (5+ yrs),73000,SQL; Excel; Python; Power BI; Tableau,Bachelors Required,2024-06-18,LinkedIn
CA-1085,Data Analyst,Large (500+),Telecommunications,Vancouver,British Columbia,Hybrid,Entry Level (0-2 yrs),77000,SQL; Excel; Python; Power BI,Bachelors Preferred,2024-09-02,Indeed
CA-1086,Junior Data Analyst,Small (<50),Technology,Waterloo,Ontario,Hybrid,Entry Level (0-2 yrs),56000,SQL; Excel; R; Git,Bachelors Preferred,2024-05-31,Job Bank
CA-1087,Data Analyst,Mid (50-500),Government,Saskatoon,Saskatchewan,Remote,Mid Level (2-5 yrs),60000,SQL; Excel; Python; Power BI; Azure; Spark,Bachelors Required,2024-08-18,Indeed
CA-1088,Business Analyst,Large (500+),Retail & E-Commerce,Vancouver,British Columbia,Remote,Senior Level (5+ yrs),68000,SQL; Excel; DAX; Snowflake,Bachelors Preferred,2024-01-18,Indeed
CA-1089,Data Analyst,Large (500+),Government,Vancouver,British Columbia,Remote,Mid Level (2-5 yrs),71000,SQL; Excel; SQL Server; Spark; Power Query,Not Specified,2023-10-16,LinkedIn
CA-1090,Senior Data Analyst,Mid (50-500),Financial Services,Calgary,Alberta,On-site,Mid Level (2-5 yrs),114000,SQL; Excel; Python; Tableau; SQL Server; R,Bachelors Required,2024-11-01,Indeed
CA-1091,Business Analyst,Small (<50),Technology,Toronto,Ontario,Hybrid,Senior Level (5+ yrs),72000,SQL; Excel; Power BI; Tableau; SQL Server; Git,Bachelors Required,2024-07-31,Company Website
CA-1092,Business Analyst,Mid (50-500),Technology,Waterloo,Ontario,On-site,Senior Level (5+ yrs),,Tableau; Spark; DAX,Bachelors Required,2025-01-07,Glassdoor
CA-1093,Data Analyst,Small (<50),Energy,Montreal,Quebec,Hybrid,Entry Level (0-2 yrs),68000,SQL; Python; Tableau; SQL Server; Git; Spark; Looker,Not Specified,2024-03-01,Job Bank
CA-1094,Data Analyst,Large (500+),Healthcare,Toronto,Ontario,Remote,Entry Level (0-2 yrs),70000,SQL; Excel; Tableau; SQL Server; Azure,Not Specified,2025-02-09,Indeed
CA-1095,Senior Data Analyst,Mid (50-500),Energy,Toronto,Ontario,Hybrid,Mid Level (2-5 yrs),112000,SQL; Excel; Python; Tableau; Power Query,Bachelors Required,2024-11-09,LinkedIn
CA-1096,Business Intelligence Analyst,Small (<50),Technology,Calgary,Alberta,Remote,Entry Level (0-2 yrs),90000,SQL; Git,Bachelors Required,2023-12-22,Indeed
CA-1097,Business Analyst,Mid (50-500),Government,Toronto,Ontario,On-site,Mid Level (2-5 yrs),73000,Excel; Python; Tableau; SQL Server; Git,Bachelors Preferred,2025-02-28,Glassdoor
CA-1098,Junior Data Analyst,Mid (50-500),Government,Ottawa,Ontario,Hybrid,Entry Level (0-2 yrs),69000,SQL; Excel; Python; Tableau,Bachelors Required,2023-11-20,LinkedIn
CA-1099,HR Data Analyst,Mid (50-500),Healthcare,Toronto,Ontario,Hybrid,Mid Level (2-5 yrs),67000,SQL; Power BI; SQL Server,Bachelors Preferred,2023-11-12,LinkedIn
CA-1100,Marketing Data Analyst,Mid (50-500),Consulting,Waterloo,Ontario,Remote,Mid Level (2-5 yrs),71000,SQL; Excel; Git; Power Query,Not Specified,2024-01-07,LinkedIn
CA-1101,Senior Data Analyst,Small (<50),Healthcare,Toronto,Ontario,Hybrid,Senior Level (5+ yrs),113000,SQL; Excel; Python; Power BI; Tableau; Azure,Masters Preferred,2025-02-18,Indeed
CA-1102,Data Analyst,Large (500+),Technology,Vancouver,British Columbia,Hybrid,Mid Level (2-5 yrs),76000,SQL; Excel; Python; Power BI; Tableau,Not Specified,2023-11-30,Glassdoor
CA-1103,Junior Data Analyst,Mid (50-500),Financial Services,Toronto,Ontario,Remote,Senior Level (5+ yrs),76000,SQL; Excel; Python; Power BI; Tableau; Azure; Jira,Bachelors Required,2024-03-29,Indeed
CA-1104,Junior Data Analyst,Mid (50-500),Financial Services,Toronto,Ontario,Hybrid,Mid Level (2-5 yrs),73000,SQL; Python; Power BI; SQL Server,Bachelors Required,2023-11-17,LinkedIn
CA-1105,Financial Data Analyst,Mid (50-500),Retail & E-Commerce,Montreal,Quebec,Remote,Entry Level (0-2 yrs),77000,SQL; Excel; Power BI; Tableau,Not Specified,2024-09-12,LinkedIn
CA-1106,Data Analyst,Small (<50),Financial Services,Edmonton,Alberta,Hybrid,Mid Level (2-5 yrs),71000,SQL; Excel; Python; Power BI,Bachelors Preferred,2023-12-10,Indeed
CA-1107,Data Analyst,Large (500+),Healthcare,Ottawa,Ontario,Hybrid,Mid Level (2-5 yrs),72000,SQL; Excel; Python; Jira; Databricks,Bachelors Required,2023-10-11,Indeed
CA-1108,Business Intelligence Analyst,Mid (50-500),Technology,Halifax,Nova Scotia,Hybrid,Senior Level (5+ yrs),71000,SQL; Excel; Power BI; Tableau; R; Snowflake,Not Specified,2024-05-18,Company Website
CA-1109,Data Analyst,Mid (50-500),Consulting,Calgary,Alberta,Hybrid,Mid Level (2-5 yrs),87000,SQL; Python; Tableau; SQL Server; Spark; Looker; DAX,Bachelors Required,2024-10-05,Indeed
CA-1110,Data Analyst,Mid (50-500),Healthcare,Montreal,Quebec,On-site,Senior Level (5+ yrs),62000,SQL; Excel; Python; Power BI,Masters Preferred,2024-01-14,LinkedIn
CA-1111,Senior Data Analyst,Small (<50),Consulting,Edmonton,Alberta,On-site,Entry Level (0-2 yrs),97000,SQL; Excel; Power BI; Azure; Jira; Power Query; Databricks,Bachelors Preferred,2025-02-21,Indeed
CA-1112,Data Analyst,Mid (50-500),Consulting,Ottawa,Ontario,Hybrid,Mid Level (2-5 yrs),66000,SQL; Excel; Python; Tableau; SQL Server; Power Query,Bachelors Required,2024-05-22,Company Website
CA-1113,Data Analyst II,Mid (50-500),Financial Services,Calgary,Alberta,Remote,Mid Level (2-5 yrs),84000,Tableau; SQL Server; DAX; Databricks,Bachelors Preferred,2024-03-15,Glassdoor
CA-1114,Data Analyst,Mid (50-500),Manufacturing,Toronto,Ontario,Hybrid,Mid Level (2-5 yrs),,SQL; Excel; Jira; Spark,Bachelors Required,2024-04-13,Glassdoor
CA-1115,Data Analyst,Large (500+),Technology,Ottawa,Ontario,Remote,Senior Level (5+ yrs),78000,SQL; Excel; Power BI; Jira; Snowflake,Bachelors Required,2024-02-19,LinkedIn
CA-1116,Data Analyst,Small (<50),Technology,Calgary,Alberta,On-site,Senior Level (5+ yrs),,SQL; Excel; Python; Power BI; SQL Server,Bachelors Preferred,2024-11-21,Indeed
CA-1117,Junior Data Analyst,Large (500+),Telecommunications,Mississauga,Ontario,Hybrid,Mid Level (2-5 yrs),68000,SQL; Excel; Tableau; Azure; DAX; Snowflake,Bachelors Required,2024-04-29,Glassdoor
CA-1118,Senior Data Analyst,Small (<50),Government,Vancouver,British Columbia,On-site,Mid Level (2-5 yrs),100000,SQL; Excel; Python; Power BI; SQL Server; Azure; Git,Bachelors Required,2025-03-02,LinkedIn
CA-1119,Senior Data Analyst,Mid (50-500),Technology,Toronto,Ontario,On-site,Mid Level (2-5 yrs),,Excel; Tableau; SQL Server; Azure; Power Query,Bachelors Required,2025-01-25,Job Bank
CA-1120,Data Analyst,Small (<50),Financial Services,Vancouver,British Columbia,On-site,Mid Level (2-5 yrs),85000,SQL; Excel; Python; Tableau; Power Query,Bachelors Required,2024-07-21,LinkedIn
CA-1121,Data Analyst II,Mid (50-500),Financial Services,Ottawa,Ontario,Hybrid,Senior Level (5+ yrs),79000,SQL; Power BI; Jira; Git; DAX,Not Specified,2024-04-05,LinkedIn
CA-1122,Data Analyst,Large (500+),Technology,Calgary,Alberta,Remote,Senior Level (5+ yrs),84000,SQL; Python; Power BI; Jira; Databricks,Bachelors Preferred,2023-11-16,Glassdoor
CA-1123,Financial Data Analyst,Large (500+),Telecommunications,Ottawa,Ontario,Hybrid,Mid Level (2-5 yrs),72000,SQL; Excel; Python; Power BI; Git; Power Query,Bachelors Required,2023-10-17,LinkedIn
CA-1124,Data Analyst,Small (<50),Financial Services,Edmonton,Alberta,On-site,Mid Level (2-5 yrs),76000,SQL; Excel; Python; Power BI; SQL Server,Bachelors Preferred,2024-12-21,Glassdoor
CA-1125,Data Analyst,Mid (50-500),Financial Services,Vancouver,British Columbia,Hybrid,Senior Level (5+ yrs),71000,SQL; Excel; Tableau; Jira; Git,Bachelors Required,2025-01-13,Indeed
CA-1126,Senior Data Analyst,Large (500+),Financial Services,Montreal,Quebec,Remote,Entry Level (0-2 yrs),87000,SQL; Excel; Python; Tableau; Git,Bachelors Required,2024-10-18,Indeed
CA-1127,Senior Data Analyst,Small (<50),Healthcare,Toronto,Ontario,Hybrid,Entry Level (0-2 yrs),120000,Python; SQL Server; Looker; Power Query,Bachelors Preferred,2024-09-01,Indeed
CA-1128,Senior Data Analyst,Large (500+),Technology,Vancouver,British Columbia,Remote,Mid Level (2-5 yrs),121000,SQL; Excel; Power BI; Azure; Git,Masters Preferred,2024-12-09,Glassdoor
CA-1129,Junior Data Analyst,Mid (50-500),Government,Edmonton,Alberta,Hybrid,Senior Level (5+ yrs),58000,SQL; SQL Server; Git; Spark; Power Query; Snowflake,Bachelors Required,2023-12-19,Indeed
CA-1130,Business Analyst,Mid (50-500),Financial Services,Calgary,Alberta,On-site,Entry Level (0-2 yrs),,SQL; Excel; Python; Power BI; Tableau; Azure; R; Jira,Bachelors Required,2024-09-13,LinkedIn
CA-1131,Data Analyst,Large (500+),Government,Winnipeg,Manitoba,Remote,Entry Level (0-2 yrs),64000,SQL; Excel; Python; Power BI; Azure,Bachelors Required,2025-02-04,Indeed
CA-1132,Data Analyst II,Mid (50-500),Consulting,Waterloo,Ontario,Remote,Entry Level (0-2 yrs),87000,SQL; Excel; Python; R; Jira,Bachelors Preferred,2024-10-20,Indeed
CA-1133,Data Analyst,Large (500+),Technology,Regina,Saskatchewan,Hybrid,Mid Level (2-5 yrs),,SQL; Excel; Tableau; Looker; Snowflake,Bachelors Preferred,2025-02-03,Job Bank
CA-1134,Business Analyst,Mid (50-500),Healthcare,Toronto,Ontario,Remote,Senior Level (5+ yrs),82000,SQL; Power BI; Tableau; SQL Server,Bachelors Required,2024-07-17,Job Bank
CA-1135,Data Analyst,Small (<50),Retail & E-Commerce,Toronto,Ontario,Remote,Entry Level (0-2 yrs),77000,SQL; Excel; Power BI; DAX,Bachelors Required,2024-09-25,LinkedIn
CA-1136,Junior Data Analyst,Large (500+),Retail & E-Commerce,Vancouver,British Columbia,Hybrid,Entry Level (0-2 yrs),67000,SQL; Python; Power BI; SQL Server,Bachelors Preferred,2024-08-29,Indeed
CA-1137,Data Analyst,Small (<50),Retail & E-Commerce,Vancouver,British Columbia,Remote,Mid Level (2-5 yrs),86000,SQL; Excel; SQL Server; Azure; Jira; Looker; Power Query; Databricks,Bachelors Preferred,2023-12-01,Indeed
CA-1138,Business Intelligence Analyst,Mid (50-500),Technology,Edmonton,Alberta,Hybrid,Senior Level (5+ yrs),,SQL; Excel; Python; Power BI; Tableau; SQL Server,Bachelors Required,2025-02-24,Indeed
CA-1139,Business Intelligence Analyst,Mid (50-500),Retail & E-Commerce,Mississauga,Ontario,Hybrid,Mid Level (2-5 yrs),78000,SQL; Excel; Python; Power BI; Tableau; Git; Spark; Power Query,Bachelors Required,2025-03-08,LinkedIn
CA-1140,Junior Data Analyst,Large (500+),Consulting,Saskatoon,Saskatchewan,Hybrid,Entry Level (0-2 yrs),53000,SQL; Excel; Power BI; Jira,Bachelors Preferred,2024-11-11,LinkedIn
CA-1141,Marketing Data Analyst,Mid (50-500),Retail & E-Commerce,Toronto,Ontario,Hybrid,Entry Level (0-2 yrs),,Excel; Python; Power BI; Tableau; SQL Server; Azure,Bachelors Required,2025-01-11,LinkedIn
CA-1142,Senior Data Analyst,Small (<50),Retail & E-Commerce,Toronto,Ontario,Hybrid,Mid Level (2-5 yrs),,SQL; Python; Power BI; SQL Server; Azure,Bachelors Required,2024-02-12,LinkedIn
CA-1143,Senior Data Analyst,Mid (50-500),Consulting,Toronto,Ontario,Hybrid,Entry Level (0-2 yrs),,SQL; Tableau; Git; Spark; Power Query; Snowflake,Bachelors Required,2023-12-11,Indeed
CA-1144,Business Analyst,Small (<50),Healthcare,Toronto,Ontario,Hybrid,Mid Level (2-5 yrs),83000,SQL; Excel; Python; Power BI,Bachelors Required,2025-03-07,Job Bank
CA-1145,Data Analyst,Large (500+),Healthcare,Edmonton,Alberta,On-site,Mid Level (2-5 yrs),66000,SQL; Excel; Python; Power BI,Bachelors Required,2024-01-09,Glassdoor
CA-1146,Senior Data Analyst,Mid (50-500),Healthcare,Winnipeg,Manitoba,Hybrid,Mid Level (2-5 yrs),83000,SQL; Excel,Bachelors Required,2024-06-20,LinkedIn
CA-1147,Business Intelligence Analyst,Mid (50-500),Government,Vancouver,British Columbia,Hybrid,Entry Level (0-2 yrs),80000,SQL; Excel; Python; Power BI,Bachelors Required,2024-11-14,Job Bank
CA-1148,Data Analyst,Mid (50-500),Financial Services,Waterloo,Ontario,Hybrid,Senior Level (5+ yrs),69000,SQL; Excel; Python; Git,Bachelors Required,2024-03-22,LinkedIn
CA-1149,HR Data Analyst,Large (500+),Technology,Calgary,Alberta,Hybrid,Entry Level (0-2 yrs),75000,SQL; Excel; Python; Power BI; Tableau,Bachelors Required,2023-10-29,Company Website
CA-1150,Data Analyst,Mid (50-500),Technology,Toronto,Ontario,Remote,Senior Level (5+ yrs),72000,SQL; Excel; Python; Power BI,Not Specified,2024-11-20,Indeed
CA-1151,Data Analyst,Mid (50-500),Consulting,Edmonton,Alberta,On-site,Mid Level (2-5 yrs),79000,SQL; Tableau; Jira; Git; DAX,Not Specified,2025-01-07,LinkedIn
CA-1152,Junior Data Analyst,Large (500+),Consulting,Edmonton,Alberta,Hybrid,Mid Level (2-5 yrs),57000,SQL; Excel; Python; SQL Server; Jira,Bachelors Required,2024-01-04,Glassdoor
CA-1153,Financial Data Analyst,Large (500+),Technology,Toronto,Ontario,Remote,Mid Level (2-5 yrs),85000,SQL; Python; Power BI; Tableau; SQL Server; Azure; Looker,Not Specified,2024-11-11,LinkedIn
CA-1154,Junior Data Analyst,Small (<50),Financial Services,Mississauga,Ontario,Hybrid,Entry Level (0-2 yrs),,SQL; Excel; Tableau; Azure,Bachelors Preferred,2024-11-19,LinkedIn
CA-1155,Data Analyst,Large (500+),Telecommunications,Toronto,Ontario,On-site,Senior Level (5+ yrs),89000,SQL; Excel; SQL Server,Bachelors Preferred,2024-01-25,LinkedIn
CA-1156,Operations Analyst,Mid (50-500),Technology,Calgary,Alberta,On-site,Senior Level (5+ yrs),75000,SQL; Git,Not Specified,2024-08-07,LinkedIn
CA-1157,Business Intelligence Analyst,Small (<50),Technology,Edmonton,Alberta,Hybrid,Mid Level (2-5 yrs),95000,SQL; Excel; Power BI; SQL Server; Git,Not Specified,2024-08-21,Indeed
CA-1158,Junior Data Analyst,Mid (50-500),Consulting,Toronto,Ontario,Hybrid,Entry Level (0-2 yrs),68000,SQL; Excel; Python; Power BI; Tableau; SQL Server,Bachelors Preferred,2025-02-18,Job Bank
CA-1159,Data Analyst,Mid (50-500),Healthcare,Calgary,Alberta,Hybrid,Senior Level (5+ yrs),75000,SQL; R; Git; Spark,Bachelors Required,2024-04-13,Job Bank
CA-1160,Junior Data Analyst,Small (<50),Retail & E-Commerce,Montreal,Quebec,Hybrid,Entry Level (0-2 yrs),56000,SQL; Python; Tableau; SQL Server; Power Query,Bachelors Required,2024-10-29,LinkedIn
CA-1161,Data Analyst,Small (<50),Telecommunications,Montreal,Quebec,Remote,Senior Level (5+ yrs),76000,SQL; Excel; Python; SQL Server; Git; Power Query; Databricks; Snowflake,Not Specified,2023-12-19,Indeed
CA-1162,Business Intelligence Analyst,Mid (50-500),Government,Calgary,Alberta,Hybrid,Senior Level (5+ yrs),100000,SQL; Excel; Power BI; Git; Power Query,Bachelors Preferred,2024-11-06,Indeed
CA-1163,Data Analyst,Small (<50),Government,Toronto,Ontario,Hybrid,Mid Level (2-5 yrs),82000,Excel; Python; Tableau; SQL Server; Azure; R; Jira; Power Query,Not Specified,2023-12-24,Company Website
CA-1164,Business Analyst,Mid (50-500),Telecommunications,Calgary,Alberta,Hybrid,Mid Level (2-5 yrs),,SQL; Python; Tableau; Jira; DAX; Power Query; Snowflake,Bachelors Preferred,2024-05-16,Glassdoor
CA-1165,Business Intelligence Analyst,Mid (50-500),Technology,Toronto,Ontario,Remote,Mid Level (2-5 yrs),80000,SQL; Tableau; SQL Server; Power Query,Not Specified,2024-02-20,LinkedIn
CA-1166,Business Analyst,Mid (50-500),Financial Services,Toronto,Ontario,Hybrid,Senior Level (5+ yrs),90000,SQL; Excel; Python; Jira; DAX,Bachelors Required,2024-10-06,Glassdoor
CA-1167,Data Analyst,Small (<50),Financial Services,Mississauga,Ontario,Hybrid,Mid Level (2-5 yrs),69000,Excel; Python; Power BI; Tableau; Power Query,Bachelors Required,2024-10-12,Indeed
CA-1168,Marketing Data Analyst,Mid (50-500),Healthcare,Toronto,Ontario,Hybrid,Mid Level (2-5 yrs),73000,SQL; Excel; Python; Power BI; Tableau; Jira,Bachelors Preferred,2025-01-01,Indeed
CA-1169,Data Analyst,Large (500+),Manufacturing,Calgary,Alberta,Hybrid,Entry Level (0-2 yrs),77000,SQL; Excel; Python; Tableau; SQL Server,Bachelors Required,2024-11-05,Glassdoor
CA-1170,Business Intelligence Analyst,Large (500+),Government,Edmonton,Alberta,Hybrid,Entry Level (0-2 yrs),85000,SQL; Excel; Python; Power BI; Tableau; Azure; Jira,Bachelors Preferred,2023-12-24,LinkedIn
CA-1171,Business Analyst,Small (<50),Financial Services,Vancouver,British Columbia,Hybrid,Senior Level (5+ yrs),85000,SQL; Python; Azure; Git; DAX,Not Specified,2024-09-20,Indeed
CA-1172,Data Analyst,Large (500+),Healthcare,Calgary,Alberta,Hybrid,Mid Level (2-5 yrs),83000,SQL; Excel; Python; Power BI; DAX,Bachelors Required,2024-01-30,LinkedIn
CA-1173,Junior Data Analyst,Large (500+),Technology,Toronto,Ontario,Hybrid,Mid Level (2-5 yrs),62000,SQL; Excel; Python; Power BI; SQL Server; R; DAX,Bachelors Preferred,2024-08-18,LinkedIn
CA-1174,Business Analyst,Small (<50),Financial Services,Waterloo,Ontario,Hybrid,Senior Level (5+ yrs),,SQL; Excel; Tableau; Jira; Spark; Power Query,Bachelors Required,2024-05-27,Glassdoor
CA-1175,Financial Data Analyst,Mid (50-500),Retail & E-Commerce,Edmonton,Alberta,Hybrid,Entry Level (0-2 yrs),85000,SQL; Excel; Python; Power BI; SQL Server; Jira,Masters Preferred,2024-12-18,LinkedIn
CA-1176,Data Analyst,Mid (50-500),Energy,Regina,Saskatchewan,On-site,Entry Level (0-2 yrs),75000,SQL; Excel; Power BI; SQL Server; Azure; Spark; Power Query; Snowflake,Bachelors Preferred,2023-11-11,LinkedIn
CA-1177,Senior Data Analyst,Small (<50),Healthcare,Halifax,Nova Scotia,Remote,Senior Level (5+ yrs),85000,SQL; Excel; Power BI; Tableau; SQL Server; Git,Bachelors Required,2025-02-06,LinkedIn
CA-1178,Senior Data Analyst,Mid (50-500),Financial Services,Ottawa,Ontario,On-site,Senior Level (5+ yrs),101000,SQL; Excel; Power BI; SQL Server; Azure; R; Jira,Bachelors Required,2024-10-30,Job Bank
CA-1179,Data Analyst II,Large (500+),Financial Services,Toronto,Ontario,On-site,Senior Level (5+ yrs),82000,SQL; Excel; Python; Jira; DAX,Bachelors Preferred,2024-07-31,LinkedIn
CA-1180,Business Analyst,Mid (50-500),Financial Services,Toronto,Ontario,Hybrid,Mid Level (2-5 yrs),,SQL; Tableau; Looker,Bachelors Required,2024-08-17,Glassdoor
CA-1181,Data Analyst II,Small (<50),Healthcare,Halifax,Nova Scotia,On-site,Entry Level (0-2 yrs),83000,SQL; Excel; Python; Power BI; Tableau,Bachelors Preferred,2024-04-12,LinkedIn
CA-1182,Junior Data Analyst,Mid (50-500),Healthcare,Toronto,Ontario,Remote,Mid Level (2-5 yrs),63000,SQL; Excel; Python; Azure; Jira; Git; DAX; Power Query; Databricks,Not Specified,2024-11-16,Indeed
CA-1183,Business Analyst,Large (500+),Telecommunications,Waterloo,Ontario,Remote,Entry Level (0-2 yrs),76000,SQL; Excel; Python; Power BI; SQL Server; R; Jira,Bachelors Preferred,2023-11-12,Indeed
CA-1184,Senior Data Analyst,Mid (50-500),Retail & E-Commerce,Vancouver,British Columbia,Hybrid,Mid Level (2-5 yrs),105000,SQL; Excel; Power BI; Tableau,Bachelors Preferred,2024-11-15,Glassdoor
CA-1185,Data Analyst II,Mid (50-500),Financial Services,Vancouver,British Columbia,Remote,Entry Level (0-2 yrs),91000,SQL; Excel; Python; Tableau; Azure,Bachelors Required,2024-06-25,Job Bank
CA-1186,Business Intelligence Analyst,Mid (50-500),Telecommunications,Waterloo,Ontario,Remote,Mid Level (2-5 yrs),97000,SQL; Excel; Python; SQL Server; Looker; DAX,Bachelors Required,2023-12-15,LinkedIn
CA-1187,Data Analyst II,Small (<50),Financial Services,Mississauga,Ontario,Hybrid,Senior Level (5+ yrs),84000,SQL; Python; SQL Server; Azure,Bachelors Required,2024-08-20,Job Bank
CA-1188,Data Analyst II,Mid (50-500),Healthcare,Calgary,Alberta,Hybrid,Senior Level (5+ yrs),,SQL; Excel; Python; Power Query,Bachelors Required,2024-08-14,Company Website
CA-1189,Junior Data Analyst,Small (<50),Retail & E-Commerce,Edmonton,Alberta,Remote,Mid Level (2-5 yrs),70000,SQL; Excel; Python; Power BI; Tableau,Bachelors Required,2024-04-24,LinkedIn
CA-1190,Marketing Data Analyst,Mid (50-500),Financial Services,Toronto,Ontario,On-site,Mid Level (2-5 yrs),78000,SQL; Power BI; Azure; R; Jira,Not Specified,2024-03-31,LinkedIn
CA-1191,Senior Data Analyst,Large (500+),Retail & E-Commerce,Toronto,Ontario,On-site,Mid Level (2-5 yrs),122000,SQL; Excel; Python; Power BI; Tableau; SQL Server; R; Jira,Masters Preferred,2024-12-24,Indeed
CA-1192,Financial Data Analyst,Large (500+),Healthcare,Toronto,Ontario,On-site,Entry Level (0-2 yrs),85000,SQL; Tableau; SQL Server; Looker; DAX; Power Query,Bachelors Required,2023-10-03,Job Bank
CA-1193,Business Analyst,Large (500+),Government,Calgary,Alberta,Hybrid,Mid Level (2-5 yrs),65000,SQL; Excel; Power BI; Tableau; Jira,Bachelors Required,2023-10-25,LinkedIn
CA-1194,Senior Data Analyst,Small (<50),Retail & E-Commerce,Edmonton,Alberta,Hybrid,Senior Level (5+ yrs),90000,SQL; Power BI; Tableau; Jira; Spark; Databricks,Bachelors Preferred,2025-01-09,Job Bank
CA-1195,Data Analyst,Mid (50-500),Retail & E-Commerce,Toronto,Ontario,Hybrid,Mid Level (2-5 yrs),84000,SQL; Excel; Tableau; SQL Server; Azure; Jira; Power Query,Masters Preferred,2023-12-17,Job Bank
CA-1196,Business Analyst,Mid (50-500),Government,Toronto,Ontario,Remote,Mid Level (2-5 yrs),69000,SQL; Excel; Python; Tableau; SQL Server; Jira,Bachelors Preferred,2025-02-12,Job Bank
CA-1197,Data Analyst,Large (500+),Retail & E-Commerce,Toronto,Ontario,Hybrid,Senior Level (5+ yrs),79000,SQL; Excel; Python; Tableau; Azure,Masters Preferred,2023-10-23,Job Bank
CA-1198,Business Analyst,Large (500+),Energy,Toronto,Ontario,Hybrid,Entry Level (0-2 yrs),76000,SQL; Excel; Python; Power BI; Azure; Jira,Bachelors Required,2023-12-21,LinkedIn
CA-1199,Senior Data Analyst,Mid (50-500),Technology,Montreal,Quebec,Hybrid,Entry Level (0-2 yrs),84000,SQL; Excel; Python; Tableau,Not Specified,2024-05-03,Job Bank
CA-1200,Business Intelligence Analyst,Mid (50-500),Technology,Calgary,Alberta,Hybrid,Senior Level (5+ yrs),97000,SQL; Excel; R; DAX,Masters Preferred,2024-01-22,Indeed
